timestamp,elapsed_sec,token_count,torch_allocated_gb,torch_reserved_gb,torch_peak_gb,nvidia_smi_mb
2025-07-01T16:48:38.132007,18.27,3,2.1104,2.1265,2.1104,18831
2025-07-01T16:48:53.417996,33.56,8,2.119,2.1265,2.119,18897
2025-07-01T16:48:53.542861,33.69,9,2.1206,2.1286,2.1206,18915
2025-07-01T16:48:53.623039,33.77,10,2.1206,2.1307,2.1206,18951
2025-07-01T16:48:53.703717,33.85,11,2.1206,2.1286,2.1206,18955
2025-07-01T16:48:53.785293,33.93,12,2.1206,2.1307,2.1206,18971
2025-07-01T16:48:53.866426,34.01,13,2.1207,2.1286,2.1207,19007
2025-07-01T16:48:53.946324,34.09,14,2.1207,2.1286,2.1207,19009
2025-07-01T16:48:54.027248,34.17,15,2.1207,2.1286,2.1207,19019
2025-07-01T16:48:54.106524,34.25,16,2.1207,2.1286,2.1207,19027
2025-07-01T16:48:54.189559,34.33,17,2.1207,2.1286,2.1207,19037
2025-07-01T16:48:54.299346,34.44,18,2.1207,2.1307,2.1207,19045
2025-07-01T16:48:54.378884,34.52,19,2.1208,2.1286,2.1208,19103
2025-07-01T16:48:54.463115,34.61,20,2.1208,2.1307,2.1208,19125
2025-07-01T16:48:54.544530,34.69,21,2.1208,2.1286,2.1208,19131
2025-07-01T16:48:54.626069,34.77,22,2.1208,2.1286,2.1208,19159
2025-07-01T16:48:54.706286,34.85,23,2.1208,2.1286,2.1208,19159
2025-07-01T16:48:54.788518,34.93,24,2.1208,2.1286,2.1208,19159
2025-07-01T16:48:54.869670,35.01,25,2.1209,2.1286,2.1209,19159
2025-07-01T16:48:54.953293,35.1,26,2.1209,2.1307,2.1209,19161
2025-07-01T16:48:55.037061,35.18,27,2.1209,2.1286,2.1209,19187
2025-07-01T16:48:55.120380,35.26,28,2.1209,2.1307,2.1209,19189
2025-07-01T16:48:55.202948,35.35,29,2.1209,2.1286,2.1209,19207
2025-07-01T16:48:55.314974,35.46,30,2.1209,2.1286,2.1209,19207
2025-07-01T16:48:55.400904,35.54,31,2.121,2.1286,2.121,19215
2025-07-01T16:48:55.484365,35.63,32,2.121,2.1286,2.121,19215
2025-07-01T16:48:55.573476,35.72,33,2.121,2.1286,2.121,19215
2025-07-01T16:48:55.664263,35.81,34,2.121,2.1307,2.121,19237
2025-07-01T16:48:55.758232,35.9,35,2.121,2.1286,2.1211,19235
2025-07-01T16:48:55.843855,35.99,36,2.121,2.1307,2.1211,19237
2025-07-01T16:48:55.931912,36.07,37,2.1211,2.1286,2.1211,19255
2025-07-01T16:48:56.022918,36.17,38,2.1211,2.1286,2.1212,19255
2025-07-01T16:48:56.109013,36.25,39,2.1211,2.1286,2.1212,19255
2025-07-01T16:48:56.196267,36.34,40,2.1211,2.1286,2.1212,19255
2025-07-01T16:48:56.284379,36.43,41,2.1211,2.1286,2.1213,19275
2025-07-01T16:48:56.390995,36.53,42,2.1211,2.1307,2.1213,19277
2025-07-01T16:48:56.486598,36.63,43,2.1211,2.1286,2.1213,19323
2025-07-01T16:48:56.574564,36.72,44,2.1212,2.1307,2.1214,19325
2025-07-01T16:48:56.661717,36.8,45,2.1212,2.1286,2.1214,19323
2025-07-01T16:48:56.753964,36.9,46,2.1212,2.1286,2.1214,19343
2025-07-01T16:48:56.843789,36.99,47,2.1212,2.1286,2.1215,19345
2025-07-01T16:48:56.933138,37.08,48,2.1212,2.1286,2.1215,19345
2025-07-01T16:48:57.025884,37.17,49,2.1212,2.1286,2.1215,19373
2025-07-01T16:48:57.115441,37.26,50,2.1213,2.1307,2.1216,19375
2025-07-01T16:48:57.207549,37.35,51,2.1213,2.1286,2.1216,19373
2025-07-01T16:48:57.301214,37.44,52,2.1213,2.1307,2.1216,19375
2025-07-01T16:48:57.393906,37.54,53,2.1213,2.1286,2.1217,19393
2025-07-01T16:48:57.535995,37.68,54,2.1213,2.1286,2.1217,19393
2025-07-01T16:48:57.630700,37.77,55,2.1213,2.1286,2.1217,19393
2025-07-01T16:48:57.726751,37.87,56,2.1214,2.1286,2.1218,19393
2025-07-01T16:48:57.822038,37.97,57,2.1214,2.1286,2.1218,19393
2025-07-01T16:48:58.113115,38.26,58,2.1214,2.1307,2.1218,19395
2025-07-01T16:48:58.207618,38.35,59,2.1214,2.1286,2.1219,19393
2025-07-01T16:48:58.301960,38.44,60,2.1214,2.1307,2.1219,19397
2025-07-01T16:48:58.395285,38.54,61,2.1214,2.1286,2.1219,19435
2025-07-01T16:48:58.545667,38.69,62,2.1215,2.1286,2.122,19435
2025-07-01T16:48:58.643386,38.79,63,2.1215,2.1286,2.122,19435
2025-07-01T16:48:58.739976,38.88,64,2.1215,2.1286,2.122,19435
2025-07-01T16:48:58.841175,38.98,65,2.1215,2.1475,2.1221,19613
2025-07-01T16:48:58.941801,39.08,66,2.1215,2.1496,2.1221,19615
2025-07-01T16:48:59.044545,39.19,67,2.1215,2.1496,2.1221,19615
2025-07-01T16:48:59.147121,39.29,68,2.1216,2.1475,2.1222,19641
2025-07-01T16:48:59.250719,39.39,69,2.1216,2.1496,2.1222,19643
2025-07-01T16:48:59.354023,39.5,70,2.1216,2.1475,2.1222,19661
2025-07-01T16:48:59.457457,39.6,71,2.1216,2.1496,2.1223,19663
2025-07-01T16:48:59.560636,39.7,72,2.1216,2.1475,2.1223,19661
2025-07-01T16:48:59.709299,39.85,73,2.1216,2.1475,2.1223,19661
2025-07-01T16:48:59.814515,39.96,74,2.1217,2.1475,2.1224,19681
2025-07-01T16:48:59.920155,40.06,75,2.1217,2.1475,2.1224,19681
2025-07-01T16:49:00.030241,40.17,76,2.1217,2.1475,2.1224,19709
2025-07-01T16:49:00.136954,40.28,77,2.1217,2.1496,2.1225,19711
2025-07-01T16:49:00.414856,40.56,78,2.1217,2.1475,2.1225,19709
2025-07-01T16:49:00.523443,40.67,79,2.1217,2.1496,2.1225,19711
2025-07-01T16:49:00.632711,40.78,80,2.1218,2.1475,2.1226,19709
2025-07-01T16:49:00.795152,40.94,81,2.1218,2.1475,2.1226,19749
2025-07-01T16:49:00.904922,41.05,82,2.1218,2.1475,2.1226,19749
2025-07-01T16:49:01.013974,41.16,83,2.1218,2.1475,2.1227,19769
2025-07-01T16:49:01.123835,41.27,84,2.1218,2.1475,2.1227,19769
2025-07-01T16:49:01.235514,41.38,85,2.1218,2.1496,2.1227,19779
2025-07-01T16:49:01.343071,41.49,86,2.1219,2.1475,2.1228,19797
2025-07-01T16:49:01.452974,41.6,87,2.1219,2.1496,2.1228,19799
2025-07-01T16:49:01.567230,41.71,88,2.1219,2.1475,2.1228,19797
2025-07-01T16:49:01.677971,41.82,89,2.1219,2.1475,2.1229,19817
2025-07-01T16:49:01.799937,41.94,90,2.1219,2.1475,2.1229,19817
2025-07-01T16:49:01.912481,42.06,91,2.1219,2.1475,2.1229,19817
2025-07-01T16:49:02.022505,42.17,92,2.122,2.1475,2.123,19837
2025-07-01T16:49:02.133195,42.28,93,2.122,2.1496,2.123,19839
2025-07-01T16:49:02.396715,42.54,94,2.122,2.1475,2.123,19837
2025-07-01T16:49:02.507078,42.65,95,2.122,2.1496,2.123,19859
2025-07-01T16:49:02.619758,42.76,96,2.122,2.1475,2.1231,19857
2025-07-01T16:49:02.736563,42.88,97,2.122,2.1475,2.1231,19857
2025-07-01T16:49:02.890368,43.03,98,2.1221,2.1475,2.1231,19857
2025-07-01T16:49:03.012675,43.16,99,2.1221,2.1475,2.1232,19877
2025-07-01T16:49:03.131335,43.27,100,2.1221,2.1475,2.1232,19877
2025-07-01T16:49:03.254971,43.4,101,2.1221,2.1496,2.1232,19879
2025-07-01T16:49:03.373728,43.52,102,2.1221,2.1475,2.1233,19877
2025-07-01T16:49:03.491732,43.63,103,2.1221,2.1496,2.1233,19929
2025-07-01T16:49:03.610827,43.75,104,2.1222,2.1475,2.1233,19927
2025-07-01T16:49:03.737442,43.88,105,2.1222,2.1475,2.1234,19927
2025-07-01T16:49:03.857682,44.0,106,2.1222,2.1475,2.1234,19927
2025-07-01T16:49:04.187309,44.33,107,2.1222,2.1475,2.1234,19947
2025-07-01T16:49:04.312719,44.46,108,2.1222,2.1475,2.1235,19947
2025-07-01T16:49:04.439968,44.58,109,2.1222,2.1496,2.1235,19949
2025-07-01T16:49:04.561245,44.7,110,2.1222,2.1475,2.1235,19947
2025-07-01T16:49:04.682848,44.83,111,2.1223,2.1496,2.1236,19949
2025-07-01T16:49:04.806377,44.95,112,2.1223,2.1475,2.1236,19987
2025-07-01T16:49:04.931018,45.07,113,2.1223,2.1475,2.1236,19987
2025-07-01T16:49:05.072324,45.22,114,2.1223,2.1475,2.1237,19987
2025-07-01T16:49:05.195788,45.34,115,2.1223,2.1475,2.1237,19987
2025-07-01T16:49:12.138473,52.28,37,2.1195,2.1265,2.1196,19369
2025-07-01T16:49:12.227965,52.37,38,2.1211,2.1286,2.1212,19373
2025-07-01T16:49:12.314947,52.46,39,2.1211,2.1307,2.1212,19395
2025-07-01T16:49:12.401335,52.54,40,2.1211,2.1286,2.1213,19393
2025-07-01T16:49:12.527169,52.67,41,2.1211,2.1307,2.1213,19415
2025-07-01T16:49:12.621631,52.76,42,2.1211,2.1286,2.1213,19413
2025-07-01T16:49:12.710937,52.85,43,2.1211,2.1286,2.1213,19485
2025-07-01T16:49:12.798906,52.94,44,2.1212,2.1286,2.1214,19485
2025-07-01T16:49:12.891405,53.03,45,2.1212,2.1286,2.1214,19485
2025-07-01T16:49:12.985654,53.13,46,2.1212,2.1286,2.1214,19505
2025-07-01T16:49:13.074945,53.22,47,2.1212,2.1307,2.1215,19507
2025-07-01T16:49:13.166658,53.31,48,2.1212,2.1286,2.1215,19525
2025-07-01T16:49:13.261906,53.4,49,2.1212,2.1307,2.1215,19527
2025-07-01T16:49:13.353189,53.5,50,2.1213,2.1286,2.1216,19525
2025-07-01T16:49:13.443679,53.59,51,2.1213,2.1286,2.1216,19525
2025-07-01T16:49:13.536980,53.68,52,2.1213,2.1286,2.1216,19525
2025-07-01T16:49:13.672577,53.82,53,2.1213,2.1286,2.1217,19545
2025-07-01T16:49:13.764609,53.91,54,2.1213,2.1286,2.1217,19545
2025-07-01T16:49:13.859019,54.0,55,2.1213,2.1307,2.1217,19547
2025-07-01T16:49:13.955032,54.1,56,2.1214,2.1286,2.1218,19545
2025-07-01T16:49:14.050392,54.19,57,2.1214,2.1307,2.1218,19547
2025-07-01T16:49:14.146631,54.29,58,2.1214,2.1286,2.1218,19545
2025-07-01T16:49:14.242494,54.39,59,2.1214,2.1286,2.1219,19547
2025-07-01T16:49:14.340743,54.48,60,2.1214,2.1286,2.1219,19547
2025-07-01T16:49:14.437833,54.58,61,2.1214,2.1286,2.1219,19587
2025-07-01T16:49:14.720287,54.86,62,2.1215,2.1286,2.122,19587
2025-07-01T16:49:14.821131,54.96,63,2.1215,2.1307,2.122,19589
2025-07-01T16:49:14.918406,55.06,64,2.1215,2.1286,2.122,19607
2025-07-01T16:49:15.021367,55.16,65,2.1215,2.1496,2.1221,19767
2025-07-01T16:49:15.123422,55.27,66,2.1215,2.1475,2.1221,19785
2025-07-01T16:49:15.225460,55.37,67,2.1215,2.1475,2.1221,19785
2025-07-01T16:49:15.327687,55.47,68,2.1216,2.1475,2.1222,19805
2025-07-01T16:49:15.432990,55.58,69,2.1216,2.1475,2.1222,19805
2025-07-01T16:49:15.535296,55.68,70,2.1216,2.1496,2.1222,19807
2025-07-01T16:49:15.645052,55.79,71,2.1216,2.1496,2.1223,19807
2025-07-01T16:49:15.772009,55.91,72,2.1216,2.1496,2.1223,19827
2025-07-01T16:49:15.880370,56.02,73,2.1216,2.1475,2.1223,19845
2025-07-01T16:49:15.983757,56.13,74,2.1217,2.1496,2.1224,19847
2025-07-01T16:49:16.087176,56.23,75,2.1217,2.1475,2.1224,19845
2025-07-01T16:49:16.193724,56.34,76,2.1217,2.1496,2.1224,19887
2025-07-01T16:49:16.300598,56.44,77,2.1217,2.1475,2.1225,19885
2025-07-01T16:49:16.410063,56.55,78,2.1217,2.1475,2.1225,19885
2025-07-01T16:49:16.521306,56.66,79,2.1217,2.1475,2.1225,19885
2025-07-01T16:49:16.626992,56.77,80,2.1218,2.1475,2.1226,19885
2025-07-01T16:49:16.899081,57.04,81,2.1218,2.1475,2.1226,19905
2025-07-01T16:49:17.005508,57.15,82,2.1218,2.1496,2.1227,19907
2025-07-01T16:49:17.112994,57.26,83,2.1218,2.1475,2.1227,19925
2025-07-01T16:49:17.220321,57.36,84,2.1218,2.1496,2.1227,19927
2025-07-01T16:49:17.332255,57.48,85,2.1218,2.1475,2.1228,19925
2025-07-01T16:49:17.442988,57.59,86,2.1219,2.1475,2.1228,19945
2025-07-01T16:49:17.552026,57.7,87,2.1219,2.1475,2.1228,19945
2025-07-01T16:49:17.670213,57.81,88,2.1219,2.1475,2.1229,19945
2025-07-01T16:49:17.780707,57.92,89,2.1219,2.1475,2.1229,19965
2025-07-01T16:49:17.928877,58.07,90,2.1219,2.1496,2.1229,19967
2025-07-01T16:49:18.041910,58.18,91,2.1219,2.1475,2.123,19965
2025-07-01T16:49:18.155481,58.3,92,2.122,2.1496,2.123,19987
2025-07-01T16:49:18.266708,58.41,93,2.122,2.1475,2.123,19985
2025-07-01T16:49:18.384895,58.53,94,2.122,2.1475,2.1231,19985
2025-07-01T16:49:18.497706,58.64,95,2.122,2.1475,2.1231,20005
2025-07-01T16:49:18.756286,58.9,96,2.122,2.1475,2.1231,20025
2025-07-01T16:49:18.875993,59.02,97,2.122,2.1475,2.1232,20025
2025-07-01T16:49:19.014696,59.16,98,2.1221,2.1496,2.1232,20027
2025-07-01T16:49:19.134943,59.28,99,2.1221,2.1475,2.1232,20045
2025-07-01T16:49:19.257178,59.4,100,2.1221,2.1496,2.1233,20047
2025-07-01T16:49:19.382135,59.53,101,2.1221,2.1475,2.1233,20045
2025-07-01T16:49:19.509511,59.65,102,2.1221,2.1475,2.1233,20045
2025-07-01T16:49:19.632038,59.78,103,2.1221,2.1475,2.1234,20065
2025-07-01T16:49:19.751185,59.89,104,2.1222,2.1475,2.1234,20065
2025-07-01T16:49:19.872433,60.02,105,2.1222,2.1475,2.1234,20065
2025-07-01T16:49:19.999630,60.14,106,2.1222,2.1496,2.1235,20067
2025-07-01T16:49:20.151019,60.29,107,2.1222,2.1475,2.1235,20105
2025-07-01T16:49:20.416617,60.56,108,2.1222,2.1496,2.1235,20107
2025-07-01T16:49:20.542819,60.69,109,2.1222,2.1475,2.1236,20105
2025-07-01T16:49:20.668821,60.81,110,2.1222,2.1475,2.1236,20105
2025-07-01T16:49:20.795245,60.94,111,2.1223,2.1475,2.1236,20105
2025-07-01T16:49:20.922460,61.07,112,2.1223,2.1475,2.1237,20145
2025-07-01T16:49:21.051052,61.19,113,2.1223,2.1475,2.1237,20145
2025-07-01T16:49:21.178989,61.32,114,2.1223,2.1496,2.1237,20147
2025-07-01T16:49:21.306826,61.45,115,2.1223,2.1475,2.1238,20145
2025-07-01T16:49:21.437091,61.58,116,2.1223,2.1496,2.1238,20147
2025-07-01T16:49:21.566492,61.71,117,2.1224,2.1475,2.1238,20165
2025-07-01T16:49:21.699554,61.84,118,2.1224,2.1475,2.1239,20165
2025-07-01T16:49:21.971720,62.11,119,2.1224,2.1475,2.1239,20165
2025-07-01T16:49:22.099752,62.24,120,2.1224,2.1475,2.1239,20165
2025-07-01T16:49:22.249431,62.39,121,2.1224,2.1475,2.124,20185
2025-07-01T16:49:22.382692,62.53,122,2.1224,2.1496,2.124,20227
2025-07-01T16:49:22.513361,62.66,123,2.1225,2.1475,2.124,20225
2025-07-01T16:49:22.643302,62.79,124,2.1225,2.1496,2.1241,20227
2025-07-01T16:49:22.774759,62.92,125,2.1225,2.1475,2.1241,20225
2025-07-01T16:49:22.910933,63.05,126,2.1225,2.1475,2.1241,20225
2025-07-01T16:49:23.040839,63.18,127,2.1225,2.1475,2.1242,20225
2025-07-01T16:49:23.172378,63.32,128,2.1225,2.1475,2.1242,20225
2025-07-01T16:49:23.458072,63.6,129,2.1226,2.1475,2.1242,20285
2025-07-01T16:49:23.610772,63.75,130,2.1226,2.1496,2.1243,20287
2025-07-01T16:49:23.760133,63.9,131,2.1226,2.1475,2.1243,20285
2025-07-01T16:49:23.909920,64.05,132,2.1226,2.1496,2.1243,20287
2025-07-01T16:49:24.059869,64.2,133,2.1226,2.1475,2.1244,20285
2025-07-01T16:49:24.205975,64.35,134,2.1226,2.1475,2.1244,20285
2025-07-01T16:49:24.356735,64.5,135,2.1227,2.1475,2.1244,20305
2025-07-01T16:49:24.555342,64.7,136,2.1227,2.1475,2.1245,20305
2025-07-01T16:49:24.708974,64.85,137,2.1227,2.1475,2.1245,20305
2025-07-01T16:49:24.994301,65.14,138,2.1227,2.1496,2.1245,20307
2025-07-01T16:49:25.144626,65.29,139,2.1227,2.1475,2.1246,20305
2025-07-01T16:49:25.298128,65.44,140,2.1227,2.1496,2.1246,20307
2025-07-01T16:49:25.451662,65.59,141,2.1228,2.1475,2.1246,20305
2025-07-01T16:49:25.648682,65.79,142,2.1228,2.1475,2.1247,20305
2025-07-01T16:49:25.800532,65.94,143,2.1228,2.1475,2.1247,20405
2025-07-01T16:49:25.951071,66.09,144,2.1228,2.1475,2.1247,20405
2025-07-01T16:49:26.102931,66.25,145,2.1228,2.1475,2.1248,20405
2025-07-01T16:49:26.383027,66.53,146,2.1228,2.1496,2.1248,20407
2025-07-01T16:49:26.535684,66.68,147,2.1229,2.1475,2.1248,20405
2025-07-01T16:49:26.748453,66.89,148,2.1229,2.1496,2.1249,20407
2025-07-01T16:49:26.905645,67.05,149,2.1229,2.1475,2.1249,20405
2025-07-01T16:49:27.063783,67.21,150,2.1229,2.1475,2.1249,20405
2025-07-01T16:49:27.216638,67.36,151,2.1229,2.1475,2.125,20405
2025-07-01T16:49:27.369490,67.51,152,2.1229,2.1475,2.125,20405
2025-07-01T16:49:27.525590,67.67,153,2.123,2.1475,2.125,20405
2025-07-01T16:49:27.817055,67.96,154,2.123,2.1496,2.1251,20407
2025-07-01T16:49:27.976569,68.12,155,2.123,2.1475,2.1251,20405
2025-07-01T16:49:28.131560,68.27,156,2.123,2.1496,2.1251,20407
2025-07-01T16:49:28.286527,68.43,157,2.123,2.1475,2.1252,20405
2025-07-01T16:49:28.444165,68.59,158,2.123,2.1475,2.1252,20405
2025-07-01T16:49:28.599070,68.74,159,2.1231,2.1475,2.1253,20405
2025-07-01T16:49:28.783771,68.93,160,2.1231,2.1475,2.1253,20405
2025-07-01T16:49:28.946966,69.09,161,2.1231,2.1475,2.1253,20505
2025-07-01T16:49:29.243877,69.39,162,2.1231,2.1496,2.1254,20507
2025-07-01T16:49:29.404786,69.55,163,2.1231,2.1475,2.1254,20505
2025-07-01T16:49:29.565915,69.71,164,2.1231,2.1496,2.1254,20507
2025-07-01T16:49:29.727307,69.87,165,2.1232,2.1475,2.1255,20505
2025-07-01T16:49:29.888480,70.03,166,2.1232,2.1475,2.1255,20505
2025-07-01T16:49:30.054717,70.2,167,2.1232,2.1475,2.1255,20505
2025-07-01T16:49:30.214033,70.36,168,2.1232,2.1475,2.1256,20505
2025-07-01T16:49:30.506283,70.65,169,2.1232,2.1475,2.1256,20505
2025-07-01T16:49:30.665202,70.81,170,2.1232,2.1496,2.1256,20507
2025-07-01T16:49:30.825637,70.97,171,2.1233,2.1475,2.1257,20565
2025-07-01T16:49:31.051165,71.19,172,2.1233,2.1496,2.1257,20567
2025-07-01T16:49:31.212797,71.36,173,2.1233,2.1475,2.1257,20565
2025-07-01T16:49:31.377957,71.52,174,2.1233,2.1475,2.1258,20565
2025-07-01T16:49:31.541651,71.68,175,2.1233,2.1475,2.1258,20565
2025-07-01T16:49:31.841853,71.98,176,2.1233,2.1475,2.1258,20565
2025-07-01T16:49:32.045840,72.19,177,2.1233,2.1475,2.1259,20565
2025-07-01T16:49:32.209636,72.35,178,2.1234,2.1496,2.1259,20567
2025-07-01T16:49:32.380009,72.52,179,2.1234,2.1475,2.1259,20565
2025-07-01T16:49:32.547046,72.69,180,2.1234,2.1496,2.126,20567
2025-07-01T16:49:32.711560,72.85,181,2.1234,2.1475,2.126,20565
2025-07-01T16:49:32.876824,73.02,182,2.1234,2.1475,2.126,20565
2025-07-01T16:49:33.189192,73.33,183,2.1234,2.1475,2.1261,20661
2025-07-01T16:49:33.356592,73.5,184,2.1235,2.1475,2.1261,20697
2025-07-01T16:49:33.522967,73.67,185,2.1235,2.1475,2.1261,20721
2025-07-01T16:49:33.689152,73.83,186,2.1235,2.1496,2.1262,20723
2025-07-01T16:49:33.862361,74.01,187,2.1235,2.1475,2.1262,20721
2025-07-01T16:49:34.029981,74.17,188,2.1235,2.1496,2.1262,20723
2025-07-01T16:49:34.336304,74.48,189,2.1235,2.1475,2.1263,20721
2025-07-01T16:49:34.506636,74.65,190,2.1236,2.1475,2.1263,20721
2025-07-01T16:49:34.672969,74.82,191,2.1236,2.1475,2.1263,20721
2025-07-01T16:49:34.847309,74.99,192,2.1236,2.1475,2.1264,20721
2025-07-01T16:49:35.032768,75.18,193,2.1236,2.1475,2.1264,20733
2025-07-01T16:49:35.222001,75.36,194,2.1236,2.1496,2.1265,20747
2025-07-01T16:49:35.567840,75.71,195,2.1236,2.1475,2.1265,20745
2025-07-01T16:49:35.754892,75.9,196,2.1237,2.1496,2.1265,20747
2025-07-01T16:49:35.945322,76.09,197,2.1237,2.1475,2.1266,20813
2025-07-01T16:49:36.133918,76.28,198,2.1237,2.1475,2.1266,20825
2025-07-01T16:49:36.320905,76.46,199,2.1237,2.1475,2.1266,20825
2025-07-01T16:49:36.559785,76.7,200,2.1237,2.1475,2.1267,20825
2025-07-01T16:49:36.890656,77.03,201,2.1237,2.1475,2.1267,20825
2025-07-01T16:49:37.078037,77.22,202,2.1238,2.1496,2.1267,20827
2025-07-01T16:49:37.274476,77.42,203,2.1238,2.1475,2.1268,20825
2025-07-01T16:49:37.479090,77.62,204,2.1238,2.1496,2.1268,20827
2025-07-01T16:49:37.671226,77.81,205,2.1238,2.1475,2.1268,20825
2025-07-01T16:49:37.990706,78.13,206,2.1238,2.1475,2.1269,20825
2025-07-01T16:49:38.183290,78.33,207,2.1238,2.1475,2.1269,20825
2025-07-01T16:49:38.375726,78.52,208,2.1239,2.1475,2.1269,20825
2025-07-01T16:49:38.570489,78.71,209,2.1239,2.1475,2.127,20825
2025-07-01T16:49:38.763278,78.91,210,2.1239,2.1496,2.127,20827
2025-07-01T16:49:39.080187,79.22,211,2.1239,2.1475,2.127,20825
2025-07-01T16:49:39.275629,79.42,212,2.1239,2.1496,2.1271,20827
2025-07-01T16:49:39.473448,79.62,213,2.1239,2.1475,2.1271,20825
2025-07-01T16:49:39.666893,79.81,214,2.124,2.1475,2.1271,20837
2025-07-01T16:49:39.865971,80.01,215,2.124,2.1475,2.1272,20849
2025-07-01T16:49:40.185476,80.33,216,2.124,2.1475,2.1272,20849
2025-07-01T16:49:40.382750,80.53,217,2.124,2.1475,2.1272,20849
2025-07-01T16:49:40.578219,80.72,218,2.124,2.1496,2.1273,20851
2025-07-01T16:49:40.774117,80.92,219,2.124,2.1475,2.1273,20849
2025-07-01T16:49:40.969925,81.11,220,2.1241,2.1496,2.1273,20949
2025-07-01T16:49:41.296818,81.44,221,2.1241,2.1475,2.1274,20947
2025-07-01T16:49:41.492340,81.64,222,2.1241,2.1475,2.1274,20947
2025-07-01T16:49:41.688417,81.83,223,2.1241,2.1475,2.1274,20947
2025-07-01T16:49:41.885958,82.03,224,2.1241,2.1475,2.1275,20947
2025-07-01T16:49:42.083428,82.23,225,2.1241,2.1475,2.1275,20947
2025-07-01T16:49:42.420353,82.56,226,2.1242,2.1496,2.1276,20949
2025-07-01T16:49:42.621282,82.76,227,2.1242,2.1475,2.1276,20947
2025-07-01T16:49:42.819757,82.96,228,2.1242,2.1496,2.1276,20949
2025-07-01T16:49:43.037309,83.18,229,2.1242,2.1475,2.1277,20947
2025-07-01T16:49:43.237380,83.38,230,2.1242,2.1475,2.1277,20947
2025-07-01T16:49:43.575930,83.72,231,2.1242,2.1475,2.1277,20947
2025-07-01T16:49:43.781015,83.92,232,2.1243,2.1475,2.1278,20947
2025-07-01T16:49:44.000780,84.14,233,2.1243,2.1475,2.1278,21071
2025-07-01T16:49:44.204620,84.35,234,2.1243,2.1496,2.1278,21073
2025-07-01T16:49:44.406545,84.55,235,2.1243,2.1475,2.1279,21071
2025-07-01T16:49:44.751889,84.89,236,2.1243,2.1496,2.1279,21073
2025-07-01T16:49:44.953813,85.1,237,2.1243,2.1475,2.1279,21071
2025-07-01T16:49:45.217901,85.36,238,2.1244,2.1475,2.128,21071
2025-07-01T16:49:45.420969,85.56,239,2.1244,2.1475,2.128,21071
2025-07-01T16:49:45.623808,85.77,240,2.1244,2.1475,2.128,21071
2025-07-01T16:49:45.965811,86.11,241,2.1244,2.1475,2.1281,21099
2025-07-01T16:49:46.180172,86.32,242,2.1244,2.1496,2.1281,21101
2025-07-01T16:49:46.387922,86.53,243,2.1244,2.1475,2.1281,21099
2025-07-01T16:49:46.592969,86.74,244,2.1244,2.1496,2.1282,21101
2025-07-01T16:49:46.796464,86.94,245,2.1245,2.1475,2.1282,21099
2025-07-01T16:49:47.141815,87.28,246,2.1245,2.1475,2.1282,21099
2025-07-01T16:49:47.384667,87.53,247,2.1245,2.1475,2.1283,21099
2025-07-01T16:49:47.591249,87.73,248,2.1245,2.1475,2.1283,21099
2025-07-01T16:49:47.798859,87.94,249,2.1245,2.1475,2.1283,21099
2025-07-01T16:49:48.004903,88.15,250,2.1245,2.1496,2.1284,21101
2025-07-01T16:49:48.351415,88.49,251,2.1246,2.1475,2.1284,21099
2025-07-01T16:49:48.560918,88.7,252,2.1246,2.1496,2.1285,21101
2025-07-01T16:49:48.768895,88.91,253,2.1246,2.1475,2.1285,21099
2025-07-01T16:49:48.977926,89.12,254,2.1246,2.1475,2.1285,21099
2025-07-01T16:49:49.186245,89.33,255,2.1246,2.1475,2.1286,21099
2025-07-01T16:49:49.538570,89.68,256,2.1246,2.1475,2.1286,21099
2025-07-01T16:49:49.773031,89.92,257,2.1247,2.1475,2.1286,21259
2025-07-01T16:49:50.004176,90.15,258,2.1247,2.1496,2.1287,21261
2025-07-01T16:49:50.239935,90.38,259,2.1247,2.1475,2.1287,21259
2025-07-01T16:49:50.598819,90.74,260,2.1247,2.1496,2.1287,21261
2025-07-01T16:49:50.834467,90.98,261,2.1247,2.1475,2.1288,21259
2025-07-01T16:49:51.068334,91.21,262,2.1247,2.1475,2.1288,21259
2025-07-01T16:49:51.304082,91.45,263,2.1248,2.1475,2.1288,21259
2025-07-01T16:49:51.671915,91.81,264,2.1248,2.1475,2.1289,21259
2025-07-01T16:49:51.908438,92.05,265,2.1248,2.1475,2.1289,21259
2025-07-01T16:49:52.145522,92.29,266,2.1248,2.1496,2.1289,21261
2025-07-01T16:49:52.383362,92.53,267,2.1248,2.1475,2.129,21259
2025-07-01T16:49:52.765970,92.91,268,2.1248,2.1496,2.129,21261
2025-07-01T16:49:53.006939,93.15,269,2.1249,2.1475,2.129,21259
2025-07-01T16:49:53.244319,93.39,270,2.1249,2.1475,2.1291,21259
2025-07-01T16:49:53.490593,93.63,271,2.1249,2.1475,2.1291,21259
2025-07-01T16:49:53.860185,94.0,272,2.1249,2.1475,2.1292,21259
2025-07-01T16:49:54.107020,94.25,273,2.1249,2.1475,2.1292,21259
2025-07-01T16:49:54.345680,94.49,274,2.1249,2.1496,2.1292,21261
2025-07-01T16:49:54.585135,94.73,275,2.125,2.1475,2.1293,21259
2025-07-01T16:49:54.955901,95.1,276,2.125,2.1496,2.1293,21261
2025-07-01T16:49:55.199682,95.34,277,2.125,2.1475,2.1293,21259
2025-07-01T16:49:55.442307,95.59,278,2.125,2.1475,2.1294,21259
2025-07-01T16:49:55.687353,95.83,279,2.125,2.1475,2.1294,21259
2025-07-01T16:49:56.061270,96.2,280,2.125,2.1475,2.1294,21259
2025-07-01T16:49:56.304361,96.45,281,2.1251,2.1475,2.1295,21259
2025-07-01T16:49:56.546257,96.69,282,2.1251,2.1496,2.1295,21261
2025-07-01T16:49:56.788728,96.93,283,2.1251,2.1475,2.1295,21259
2025-07-01T16:49:57.165924,97.31,284,2.1251,2.1496,2.1296,21261
2025-07-01T16:49:57.419117,97.56,285,2.1251,2.1475,2.1296,21523
2025-07-01T16:49:57.662086,97.81,286,2.1251,2.1475,2.1296,21523
2025-07-01T16:49:57.909166,98.05,287,2.1252,2.1475,2.1297,21523
2025-07-01T16:49:58.284760,98.43,288,2.1252,2.1496,2.1297,21525
2025-07-01T16:49:58.531904,98.67,289,2.1252,2.1475,2.1297,21523
2025-07-01T16:49:58.775914,98.92,290,2.1252,2.1475,2.1298,21523
2025-07-01T16:49:59.024166,99.17,291,2.1252,2.1475,2.1298,21523
2025-07-01T16:49:59.400407,99.54,292,2.1252,2.1475,2.1299,21523
2025-07-01T16:50:15.229692,115.37,303,2.1239,2.1454,2.1287,21259
2025-07-01T16:50:15.481550,115.62,304,2.1254,2.1475,2.1303,21411
2025-07-01T16:50:15.733956,115.88,305,2.1255,2.1496,2.1303,21451
2025-07-01T16:50:15.987748,116.13,306,2.1255,2.1496,2.1303,21451
2025-07-01T16:50:16.396334,116.54,307,2.1255,2.1496,2.1304,21471
2025-07-01T16:50:16.652513,116.8,308,2.1255,2.1475,2.1304,21469
2025-07-01T16:50:16.909462,117.05,309,2.1255,2.1496,2.1305,21471
2025-07-01T16:50:17.164507,117.31,310,2.1255,2.1475,2.1305,21469
2025-07-01T16:50:17.559896,117.7,311,2.1256,2.1496,2.1305,21471
2025-07-01T16:50:17.816257,117.96,312,2.1256,2.1475,2.1306,21469
2025-07-01T16:50:18.074022,118.22,313,2.1256,2.1496,2.1306,21491
2025-07-01T16:50:18.335306,118.48,314,2.1256,2.1475,2.1306,21489
2025-07-01T16:50:18.790519,118.93,315,2.1256,2.1496,2.1307,21491
2025-07-01T16:50:19.048742,119.19,316,2.1256,2.1475,2.1307,21489
2025-07-01T16:50:19.308978,119.45,317,2.1256,2.1496,2.1307,21511
2025-07-01T16:50:19.685699,119.83,318,2.1257,2.1475,2.1308,21509
2025-07-01T16:50:19.947873,120.09,319,2.1257,2.1496,2.1308,21511
2025-07-01T16:50:20.206777,120.35,320,2.1257,2.1475,2.1308,21509
2025-07-01T16:50:20.587103,120.73,321,2.1257,2.1496,2.1309,21623
2025-07-01T16:50:20.909838,121.05,322,2.1257,2.1475,2.1309,21621
2025-07-01T16:50:21.181268,121.32,323,2.1257,2.1496,2.131,21623
2025-07-01T16:50:21.573697,121.72,324,2.1258,2.1475,2.131,21621
2025-07-01T16:50:21.846241,121.99,325,2.1258,2.1496,2.131,21623
2025-07-01T16:50:22.121568,122.26,326,2.1258,2.1496,2.1311,21623
2025-07-01T16:50:22.518761,122.66,327,2.1258,2.1496,2.1311,21623
2025-07-01T16:50:22.790756,122.93,328,2.1258,2.1496,2.1311,21643
2025-07-01T16:50:23.098991,123.24,329,2.1258,2.1496,2.1312,21643
2025-07-01T16:50:23.496851,123.64,330,2.1259,2.1496,2.1312,21943
2025-07-01T16:50:23.771492,123.91,331,2.1259,2.1475,2.1312,21941
2025-07-01T16:50:24.052004,124.19,332,2.1259,2.1496,2.1313,21943
2025-07-01T16:50:24.458884,124.6,333,2.1259,2.1475,2.1313,21941
2025-07-01T16:50:24.739922,124.88,334,2.1259,2.1496,2.1313,21943
2025-07-01T16:50:25.026052,125.17,335,2.1259,2.1496,2.1314,21943
2025-07-01T16:50:25.431662,125.57,336,2.126,2.1496,2.1314,21943
2025-07-01T16:50:25.709502,125.85,337,2.126,2.1475,2.1314,21941
2025-07-01T16:50:25.988099,126.13,338,2.126,2.1496,2.1315,21943
2025-07-01T16:50:26.415206,126.56,339,2.126,2.1475,2.1315,21941
2025-07-01T16:50:26.696493,126.84,340,2.126,2.1475,2.1316,21941
2025-07-01T16:50:26.977259,127.12,341,2.126,2.1475,2.1316,21941
2025-07-01T16:50:27.386331,127.53,342,2.1261,2.1496,2.1316,21943
2025-07-01T16:50:27.670488,127.81,343,2.1261,2.1475,2.1317,21941
2025-07-01T16:50:27.951842,128.09,344,2.1261,2.1475,2.1317,21941
2025-07-01T16:50:28.361298,128.5,345,2.1261,2.1475,2.1317,21941
2025-07-01T16:50:28.646652,128.79,346,2.1261,2.1475,2.1318,21941
2025-07-01T16:50:28.931588,129.07,347,2.1261,2.1475,2.1318,21941
2025-07-01T16:50:29.364511,129.51,348,2.1262,2.1496,2.1318,21943
2025-07-01T16:50:29.648249,129.79,349,2.1262,2.1475,2.1319,21941
2025-07-01T16:50:29.931820,130.07,350,2.1262,2.1496,2.1319,21943
2025-07-01T16:50:30.344637,130.49,351,2.1262,2.1475,2.1319,21941
2025-07-01T16:50:30.628467,130.77,352,2.1262,2.1475,2.132,21941
2025-07-01T16:50:30.914185,131.06,353,2.1262,2.1475,2.132,21941
2025-07-01T16:50:31.329824,131.47,354,2.1263,2.1475,2.1321,21941
2025-07-01T16:50:31.619478,131.76,355,2.1263,2.1475,2.1321,21941
2025-07-01T16:50:31.908735,132.05,356,2.1263,2.1496,2.1321,21943
2025-07-01T16:50:32.325474,132.47,357,2.1263,2.1475,2.1322,21941
2025-07-01T16:50:32.617715,132.76,358,2.1263,2.1496,2.1322,21943
2025-07-01T16:50:32.907445,133.05,359,2.1263,2.1475,2.1322,21941
2025-07-01T16:50:33.324148,133.47,360,2.1264,2.1475,2.1323,21941
2025-07-01T16:50:33.614809,133.76,361,2.1264,2.1475,2.1323,21943
2025-07-01T16:50:33.970205,134.11,362,2.1264,2.1475,2.1323,21943
2025-07-01T16:50:34.387951,134.53,363,2.1264,2.1475,2.1324,21943
2025-07-01T16:50:34.686612,134.83,364,2.1264,2.1496,2.1324,21945
2025-07-01T16:50:34.976262,135.12,365,2.1264,2.1475,2.1324,21943
2025-07-01T16:50:35.396055,135.54,366,2.1265,2.1496,2.1325,23353
2025-07-01T16:50:35.687538,135.83,367,2.1265,2.1496,2.1325,23353
2025-07-01T16:50:35.979452,136.12,368,2.1265,2.1475,2.1326,23351
2025-07-01T16:50:36.406651,136.55,369,2.1265,2.1475,2.1326,23351
2025-07-01T16:50:36.707579,136.85,370,2.1265,2.1475,2.1326,23351
2025-07-01T16:50:37.001206,137.14,371,2.1265,2.1496,2.1327,23353
2025-07-01T16:50:37.427662,137.57,372,2.1266,2.1496,2.1327,23353
2025-07-01T16:50:37.729706,137.87,373,2.1266,2.1496,2.1327,23353
2025-07-01T16:50:38.037571,138.18,374,2.1266,2.1475,2.1328,23351
2025-07-01T16:50:38.471475,138.61,375,2.1266,2.1496,2.1328,23353
2025-07-01T16:50:38.768345,138.91,376,2.1266,2.1475,2.1328,23351
2025-07-01T16:50:39.116141,139.26,377,2.1266,2.1496,2.1329,23355
2025-07-01T16:50:39.549776,139.69,378,2.1267,2.1475,2.1329,23353
2025-07-01T16:50:39.852490,140.0,379,2.1267,2.1475,2.1329,23353
2025-07-01T16:50:40.248341,140.39,380,2.1267,2.1475,2.133,23353
2025-07-01T16:50:40.553942,140.7,381,2.1267,2.1475,2.133,23353
2025-07-01T16:50:40.953168,141.1,382,2.1267,2.1475,2.1331,23353
2025-07-01T16:50:41.272868,141.42,383,2.1267,2.1496,2.1331,23355
2025-07-01T16:50:41.670986,141.81,384,2.1267,2.1475,2.1331,23353
2025-07-01T16:50:41.992096,142.14,385,2.1268,2.1496,2.1332,23355
2025-07-01T16:50:42.415000,142.56,386,2.1268,2.1475,2.1332,23353
2025-07-01T16:50:42.739394,142.88,387,2.1268,2.1475,2.1332,23353
2025-07-01T16:50:43.155290,143.3,388,2.1268,2.1475,2.1333,23353
2025-07-01T16:50:43.477264,143.62,389,2.1268,2.1475,2.1333,23353
2025-07-01T16:50:43.902255,144.05,390,2.1268,2.1475,2.1333,23353
2025-07-01T16:50:44.223584,144.37,391,2.1269,2.1496,2.1334,23355
2025-07-01T16:50:44.651517,144.79,392,2.1269,2.1475,2.1334,23353
2025-07-01T16:50:44.974819,145.12,393,2.1269,2.1496,2.1334,23355
2025-07-01T16:50:45.397219,145.54,394,2.1269,2.1475,2.1335,23353
2025-07-01T16:50:45.721315,145.86,395,2.1269,2.1475,2.1335,23353
2025-07-01T16:50:46.148444,146.29,396,2.1269,2.1475,2.1336,23353
2025-07-01T16:50:46.477108,146.62,397,2.127,2.1475,2.1336,23353
2025-07-01T16:50:46.902439,147.05,398,2.127,2.1475,2.1336,23353
2025-07-01T16:50:47.235563,147.38,399,2.127,2.1496,2.1337,23355
2025-07-01T16:50:47.661570,147.8,400,2.127,2.1475,2.1337,23353
2025-07-01T16:50:48.003586,148.15,401,2.127,2.1496,2.1337,23355
2025-07-01T16:50:48.433809,148.58,402,2.127,2.1475,2.1338,23353
2025-07-01T16:50:48.879909,149.02,403,2.1271,2.1475,2.1338,22267
2025-07-01T16:50:49.306335,149.45,404,2.1271,2.1475,2.1338,22267
2025-07-01T16:50:49.635294,149.78,405,2.1271,2.1475,2.1339,22267
2025-07-01T16:50:50.067369,150.21,406,2.1271,2.1475,2.1339,22267
2025-07-01T16:50:50.396127,150.54,407,2.1271,2.1496,2.134,22269
2025-07-01T16:50:50.829374,150.97,408,2.1271,2.1475,2.134,22267
2025-07-01T16:50:51.159351,151.3,409,2.1272,2.1496,2.134,22269
2025-07-01T16:50:51.590358,151.73,410,2.1272,2.1475,2.1341,22267
2025-07-01T16:50:51.925983,152.07,411,2.1272,2.1475,2.1341,22267
2025-07-01T16:50:52.359310,152.5,412,2.1272,2.1475,2.1341,22267
2025-07-01T16:50:52.689484,152.83,413,2.1272,2.1475,2.1342,22267
2025-07-01T16:50:53.126860,153.27,414,2.1272,2.1475,2.1342,22267
2025-07-01T16:50:53.508043,153.65,415,2.1273,2.1496,2.1342,22269
2025-07-01T16:50:53.945292,154.09,416,2.1273,2.1475,2.1343,22267
2025-07-01T16:50:54.281821,154.42,417,2.1273,2.1496,2.1343,22273
2025-07-01T16:50:54.722304,154.87,418,2.1273,2.1475,2.1343,22271
2025-07-01T16:50:55.055734,155.2,419,2.1273,2.1475,2.1344,22271
2025-07-01T16:50:55.489774,155.63,420,2.1273,2.1475,2.1344,22271
2025-07-01T16:50:55.824496,155.97,421,2.1274,2.1475,2.1345,22271
2025-07-01T16:50:56.270728,156.41,422,2.1274,2.1475,2.1345,22271
2025-07-01T16:50:56.606208,156.75,423,2.1274,2.1496,2.1345,22273
2025-07-01T16:50:57.046005,157.19,424,2.1274,2.1475,2.1346,22271
2025-07-01T16:50:57.387896,157.53,425,2.1274,2.1496,2.1346,22273
2025-07-01T16:50:57.825946,157.97,426,2.1274,2.1475,2.1346,22271
2025-07-01T16:50:58.168240,158.31,427,2.1275,2.1475,2.1347,22487
2025-07-01T16:50:58.640190,158.78,428,2.1275,2.1475,2.1347,22487
2025-07-01T16:50:58.981191,159.12,429,2.1275,2.1496,2.1347,22489
2025-07-01T16:50:59.440580,159.58,430,2.1275,2.1496,2.1348,22489
2025-07-01T16:50:59.788251,159.93,431,2.1275,2.1475,2.1348,22487
2025-07-01T16:51:00.245009,160.39,432,2.1275,2.1475,2.1349,22487
2025-07-01T16:51:00.591919,160.73,433,2.1276,2.1475,2.1349,22487
2025-07-01T16:51:01.050861,161.19,434,2.1276,2.1496,2.1349,22489
2025-07-01T16:51:01.391763,161.53,435,2.1276,2.1496,2.135,22489
2025-07-01T16:51:01.895821,162.04,436,2.1276,2.1496,2.135,22489
2025-07-01T16:51:02.239904,162.38,437,2.1276,2.1475,2.135,22487
2025-07-01T16:51:02.702759,162.85,438,2.1276,2.1496,2.1351,22489
2025-07-01T16:51:03.050831,163.19,439,2.1277,2.1475,2.1351,24151
2025-07-01T16:51:03.517615,163.66,440,2.1277,2.1496,2.1351,24153
2025-07-01T16:51:03.863300,164.01,441,2.1277,2.1475,2.1352,24151
2025-07-01T16:51:04.331829,164.47,442,2.1277,2.1475,2.1352,24151
2025-07-01T16:51:04.676467,164.82,443,2.1277,2.1475,2.1353,24151
2025-07-01T16:51:05.157031,165.3,444,2.1277,2.1475,2.1353,24151
2025-07-01T16:51:05.503128,165.65,445,2.1278,2.1475,2.1353,24151
2025-07-01T16:51:05.973779,166.12,446,2.1278,2.1496,2.1354,24153
2025-07-01T16:51:06.318027,166.46,447,2.1278,2.1475,2.1354,24151
2025-07-01T16:51:06.791394,166.93,448,2.1278,2.1496,2.1354,24153
2025-07-01T16:51:07.154798,167.3,449,2.1278,2.1475,2.1355,24151
2025-07-01T16:51:07.684680,167.83,450,2.1278,2.1475,2.1355,24153
2025-07-01T16:51:08.052936,168.2,451,2.1279,2.1475,2.1355,24153
2025-07-01T16:51:08.534301,168.68,452,2.1279,2.1475,2.1356,24153
2025-07-01T16:51:08.905026,169.05,453,2.1279,2.1475,2.1356,24153
2025-07-01T16:51:09.387948,169.53,454,2.1279,2.1496,2.1357,24155
2025-07-01T16:51:09.752886,169.9,455,2.1279,2.1475,2.1357,24153
2025-07-01T16:51:10.239043,170.38,456,2.1279,2.1496,2.1357,24155
2025-07-01T16:51:10.604233,170.75,457,2.1279,2.1475,2.1358,24153
2025-07-01T16:51:11.088939,171.23,458,2.128,2.1475,2.1358,24153
2025-07-01T16:51:11.456425,171.6,459,2.128,2.1475,2.1358,24153
2025-07-01T16:51:11.938381,172.08,460,2.128,2.1475,2.1359,24153
2025-07-01T16:51:12.309607,172.45,461,2.128,2.1475,2.1359,24153
2025-07-01T16:51:12.791592,172.93,462,2.128,2.1496,2.1359,24155
2025-07-01T16:51:13.158585,173.3,463,2.128,2.1475,2.136,24153
2025-07-01T16:51:13.641938,173.78,464,2.1281,2.1496,2.136,24155
2025-07-01T16:51:14.008794,174.15,465,2.1281,2.1475,2.1361,24153
2025-07-01T16:51:14.498444,174.64,466,2.1281,2.1475,2.1361,24153
2025-07-01T16:51:14.869564,175.01,467,2.1281,2.1475,2.1361,24153
2025-07-01T16:51:15.399459,175.54,468,2.1281,2.1475,2.1362,24153
2025-07-01T16:51:15.772043,175.92,469,2.1281,2.1475,2.1362,24153
2025-07-01T16:51:16.259930,176.4,470,2.1282,2.1496,2.1362,24155
2025-07-01T16:51:16.634824,176.78,471,2.1282,2.1475,2.1363,24153
2025-07-01T16:51:17.120142,177.26,472,2.1282,2.1496,2.1363,24155
2025-07-01T16:51:17.487636,177.63,473,2.1282,2.1475,2.1364,24153
2025-07-01T16:51:17.975631,178.12,474,2.1282,2.1496,2.1364,24155
2025-07-01T16:51:18.347784,178.49,475,2.1282,2.1475,2.1364,24153
2025-07-01T16:51:18.921400,179.06,476,2.1283,2.1496,2.1365,22867
2025-07-01T16:51:19.297590,179.44,477,2.1283,2.1475,2.1365,22865
2025-07-01T16:51:19.794913,179.94,478,2.1283,2.1496,2.1365,22867
2025-07-01T16:51:20.180083,180.32,479,2.1283,2.1475,2.1366,22865
2025-07-01T16:51:20.717364,180.86,480,2.1283,2.1496,2.1366,22867
2025-07-01T16:51:21.094158,181.24,481,2.1283,2.1475,2.1366,22867
2025-07-01T16:51:21.585594,181.73,482,2.1284,2.1496,2.1367,22869
2025-07-01T16:51:21.958782,182.1,483,2.1284,2.1475,2.1367,22867
2025-07-01T16:51:22.451665,182.59,484,2.1284,2.1496,2.1368,22869
2025-07-01T16:51:22.860295,183.0,485,2.1284,2.1475,2.1368,22867
2025-07-01T16:51:23.356527,183.5,486,2.1284,2.1496,2.1368,22869
2025-07-01T16:51:23.734172,183.88,487,2.1284,2.1475,2.1369,22867
2025-07-01T16:51:24.235974,184.38,488,2.1285,2.1496,2.1369,22869
2025-07-01T16:51:24.614208,184.76,489,2.1285,2.1475,2.1369,22867
2025-07-01T16:51:25.148909,185.29,490,2.1285,2.1496,2.137,22869
2025-07-01T16:51:25.525693,185.67,491,2.1285,2.1475,2.137,22867
2025-07-01T16:51:26.021309,186.16,492,2.1285,2.1496,2.137,22869
2025-07-01T16:51:26.397109,186.54,493,2.1285,2.1475,2.1371,22869
2025-07-01T16:51:26.894758,187.04,494,2.1286,2.1496,2.1371,22871
2025-07-01T16:51:27.275552,187.42,495,2.1286,2.1475,2.1372,22869
2025-07-01T16:51:27.778226,187.92,496,2.1286,2.1496,2.1372,22871
2025-07-01T16:51:28.165822,188.31,497,2.1286,2.1475,2.1372,22869
2025-07-01T16:51:28.664955,188.81,498,2.1286,2.1496,2.1373,22871
2025-07-01T16:51:29.045009,189.19,499,2.1286,2.1475,2.1373,22869
2025-07-01T16:51:29.556003,189.7,500,2.1287,2.1496,2.1373,22871
2025-07-01T16:51:29.936970,190.08,501,2.1287,2.1475,2.1374,22869
2025-07-01T16:51:30.444483,190.59,502,2.1287,2.1496,2.1374,22871
2025-07-01T16:51:30.829205,190.97,503,2.1287,2.1475,2.1375,22869
2025-07-01T16:51:31.330000,191.47,504,2.1287,2.1496,2.1375,22871
2025-07-01T16:51:31.709255,191.85,505,2.1287,2.1475,2.1375,22869
2025-07-01T16:51:32.231035,192.37,506,2.1288,2.1496,2.1376,22871
2025-07-01T16:51:32.618661,192.76,507,2.1288,2.1475,2.1376,22869
2025-07-01T16:51:33.127305,193.27,508,2.1288,2.1496,2.1376,22871
2025-07-01T16:51:33.507626,193.65,509,2.1288,2.1475,2.1377,22869
2025-07-01T16:51:34.010991,194.15,510,2.1288,2.1496,2.1377,22871
2025-07-01T16:51:34.396796,194.54,511,2.1288,2.1475,2.1377,22869
2025-07-01T16:51:34.898034,195.04,512,2.1288,2.1496,2.1378,22871
2025-07-01T16:51:35.343427,195.49,513,2.1289,2.1475,2.1378,22977
2025-07-01T16:51:35.872275,196.02,514,2.1289,2.1496,2.1379,22979
2025-07-01T16:51:36.278695,196.42,515,2.1289,2.1496,2.1379,22979
2025-07-01T16:51:36.809537,196.95,516,2.1289,2.1496,2.1379,22979
2025-07-01T16:51:37.215208,197.36,517,2.1289,2.1496,2.138,22979
2025-07-01T16:51:37.746498,197.89,518,2.129,2.1496,2.138,22979
2025-07-01T16:51:38.151098,198.29,519,2.129,2.1496,2.138,22979
2025-07-01T16:51:38.709106,198.85,520,2.129,2.1496,2.1381,22979
2025-07-01T16:51:39.116970,199.26,521,2.129,2.1496,2.1381,22979
2025-07-01T16:51:39.649936,199.79,522,2.129,2.1496,2.1382,22979
2025-07-01T16:51:40.074410,200.22,523,2.129,2.1496,2.1382,22979
2025-07-01T16:51:40.604913,200.75,524,2.129,2.1496,2.1382,22979
2025-07-01T16:51:41.016404,201.16,525,2.1291,2.1475,2.1383,22977
2025-07-01T16:51:41.552988,201.7,526,2.1291,2.1496,2.1383,22979
2025-07-01T16:51:42.007660,202.15,527,2.1291,2.1475,2.1383,22977
2025-07-01T16:51:42.540949,202.68,528,2.1291,2.1496,2.1384,22979
2025-07-01T16:51:42.952239,203.1,529,2.1291,2.1475,2.1384,22977
2025-07-01T16:51:43.493395,203.64,530,2.1291,2.1475,2.1385,22977
2025-07-01T16:51:43.901388,204.04,531,2.1292,2.1475,2.1385,22977
2025-07-01T16:51:44.436704,204.58,532,2.1292,2.1475,2.1385,22977
2025-07-01T16:51:44.848554,204.99,533,2.1292,2.1475,2.1386,22977
2025-07-01T16:51:45.398502,205.54,534,2.1292,2.1496,2.1386,22979
2025-07-01T16:51:45.807098,205.95,535,2.1292,2.1475,2.1386,22977
2025-07-01T16:51:46.364258,206.51,536,2.1292,2.1496,2.1387,22979
2025-07-01T16:51:46.781054,206.92,537,2.1293,2.1496,2.1387,22979
2025-07-01T16:51:47.320312,207.46,538,2.1293,2.1475,2.1387,22977
2025-07-01T16:51:47.736365,207.88,539,2.1293,2.1475,2.1388,22977
2025-07-01T16:51:48.273707,208.42,540,2.1293,2.1475,2.1388,22977
2025-07-01T16:51:48.687679,208.83,541,2.1293,2.1496,2.1389,22979
2025-07-01T16:51:49.234006,209.38,542,2.1293,2.1496,2.1389,22979
2025-07-01T16:51:49.645724,209.79,543,2.1294,2.1496,2.1389,22979
2025-07-01T16:51:50.183356,210.33,544,2.1294,2.1496,2.139,22979
2025-07-01T16:51:50.598301,210.74,545,2.1294,2.1496,2.139,22979
2025-07-01T16:51:51.142360,211.29,546,2.1294,2.1496,2.139,22979
2025-07-01T16:51:51.558131,211.7,547,2.1294,2.1496,2.1391,22979
2025-07-01T16:51:52.100248,212.24,548,2.1294,2.1475,2.1391,22977
2025-07-01T16:51:52.563980,212.71,549,2.1295,2.1496,2.1392,23107
2025-07-01T16:51:53.110751,213.25,550,2.1295,2.1496,2.1392,23107
2025-07-01T16:51:53.605227,213.75,551,2.1295,2.1496,2.1392,23107
2025-07-01T16:51:54.099371,214.24,552,2.1295,2.1475,2.1393,23105
2025-07-01T16:51:54.593216,214.74,553,2.1295,2.1496,2.1393,23107
2025-07-01T16:51:55.082451,215.23,554,2.1295,2.1496,2.1393,23107
2025-07-01T16:51:55.572435,215.72,555,2.1296,2.1475,2.1394,23105
2025-07-01T16:51:56.062062,216.21,556,2.1296,2.1475,2.1394,23105
2025-07-01T16:51:56.598548,216.74,557,2.1296,2.1475,2.1395,23105
2025-07-01T16:51:57.096640,217.24,558,2.1296,2.1496,2.1395,23107
2025-07-01T16:52:25.582350,245.73,280,2.1235,2.1454,2.1279,21289
2025-07-01T16:52:25.831693,245.97,281,2.1251,2.1475,2.1295,21313
2025-07-01T16:52:26.073039,246.22,282,2.1251,2.1496,2.1295,21331
2025-07-01T16:52:26.425374,246.57,283,2.1251,2.1496,2.1295,21331
2025-07-01T16:52:26.668495,246.81,284,2.1251,2.1496,2.1296,21331
2025-07-01T16:52:26.912238,247.06,285,2.1251,2.1496,2.1296,21471
2025-07-01T16:52:27.262217,247.41,286,2.1251,2.1496,2.1296,21487
2025-07-01T16:52:27.508369,247.65,287,2.1252,2.1475,2.1297,21505
2025-07-01T16:52:27.756456,247.9,288,2.1252,2.1496,2.1297,21507
2025-07-01T16:52:28.114389,248.26,289,2.1252,2.1475,2.1298,21505
2025-07-01T16:52:28.394235,248.54,290,2.1252,2.1496,2.1298,21527
2025-07-01T16:52:28.640667,248.78,291,2.1252,2.1475,2.1298,21525
2025-07-01T16:52:28.990957,249.13,292,2.1252,2.1496,2.1299,21527
2025-07-01T16:52:29.236282,249.38,293,2.1253,2.1475,2.1299,21867
2025-07-01T16:52:29.501187,249.64,294,2.1253,2.1496,2.1299,21869
2025-07-01T16:52:29.863789,250.01,295,2.1253,2.1475,2.13,21867
2025-07-01T16:52:30.112574,250.26,296,2.1253,2.1496,2.13,21869
2025-07-01T16:52:30.359909,250.5,297,2.1253,2.1475,2.13,21867
2025-07-01T16:52:30.770473,250.91,298,2.1253,2.1496,2.1301,21869
2025-07-01T16:52:31.019743,251.16,299,2.1254,2.1475,2.1301,21867
2025-07-01T16:52:31.270158,251.41,300,2.1254,2.1496,2.1301,21869
2025-07-01T16:52:31.632061,251.78,301,2.1254,2.1475,2.1302,21867
2025-07-01T16:52:31.881993,252.02,302,2.1254,2.1496,2.1302,21869
2025-07-01T16:52:32.138201,252.28,303,2.1254,2.1475,2.1302,21867
2025-07-01T16:52:32.503712,252.65,304,2.1254,2.1496,2.1303,21869
2025-07-01T16:52:32.755938,252.9,305,2.1255,2.1475,2.1303,21869
2025-07-01T16:52:33.005906,253.15,306,2.1255,2.1496,2.1303,21871
2025-07-01T16:52:33.372118,253.52,307,2.1255,2.1475,2.1304,21869
2025-07-01T16:52:33.626025,253.77,308,2.1255,2.1496,2.1304,21871
2025-07-01T16:52:33.915601,254.06,309,2.1255,2.1475,2.1305,21869
2025-07-01T16:52:34.282753,254.43,310,2.1255,2.1496,2.1305,21871
2025-07-01T16:52:34.540433,254.68,311,2.1256,2.1475,2.1305,21869
2025-07-01T16:52:34.802800,254.95,312,2.1256,2.1496,2.1306,21871
2025-07-01T16:52:35.175000,255.32,313,2.1256,2.1475,2.1306,21869
2025-07-01T16:52:35.431788,255.57,314,2.1256,2.1496,2.1306,21871
2025-07-01T16:52:35.691000,255.83,315,2.1256,2.1475,2.1307,21869
2025-07-01T16:52:36.057475,256.2,316,2.1256,2.1496,2.1307,21871
2025-07-01T16:52:36.312257,256.46,317,2.1256,2.1475,2.1307,21871
2025-07-01T16:52:36.573661,256.72,318,2.1257,2.1496,2.1308,21873
2025-07-01T16:52:36.948723,257.09,319,2.1257,2.1475,2.1308,21871
2025-07-01T16:52:37.209949,257.35,320,2.1257,2.1496,2.1308,21873
2025-07-01T16:52:37.487291,257.63,321,2.1257,2.1475,2.1309,21871
2025-07-01T16:52:37.871015,258.01,322,2.1257,2.1496,2.1309,21873
2025-07-01T16:52:38.142434,258.29,323,2.1257,2.1475,2.131,21871
2025-07-01T16:52:38.414015,258.56,324,2.1258,2.1496,2.131,21873
2025-07-01T16:52:38.807469,258.95,325,2.1258,2.1475,2.131,21871
2025-07-01T16:52:39.110618,259.25,326,2.1258,2.1496,2.1311,21873
2025-07-01T16:52:39.388960,259.53,327,2.1258,2.1475,2.1311,21871
2025-07-01T16:52:39.791745,259.93,328,2.1258,2.1496,2.1311,21873
2025-07-01T16:52:40.067071,260.21,329,2.1258,2.1496,2.1312,21873
2025-07-01T16:52:40.365390,260.51,330,2.1259,2.1496,2.1312,22253
2025-07-01T16:52:40.766826,260.91,331,2.1259,2.1475,2.1312,22251
2025-07-01T16:52:41.042776,261.19,332,2.1259,2.1496,2.1313,22253
2025-07-01T16:52:41.416376,261.56,333,2.1259,2.1475,2.1313,22251
2025-07-01T16:52:41.691845,261.83,334,2.1259,2.1496,2.1313,22253
2025-07-01T16:52:42.064755,262.21,335,2.1259,2.1475,2.1314,22251
2025-07-01T16:52:42.355946,262.5,336,2.126,2.1496,2.1314,22253
2025-07-01T16:52:42.722001,262.86,337,2.126,2.1475,2.1314,22251
2025-07-01T16:52:43.003368,263.15,338,2.126,2.1496,2.1315,22253
2025-07-01T16:52:43.376520,263.52,339,2.126,2.1475,2.1315,22251
2025-07-01T16:52:43.693090,263.84,340,2.126,2.1496,2.1316,22253
2025-07-01T16:52:44.073006,264.22,341,2.126,2.1475,2.1316,22251
2025-07-01T16:52:44.351751,264.49,342,2.1261,2.1496,2.1316,22253
2025-07-01T16:52:44.726089,264.87,343,2.1261,2.1475,2.1317,22251
2025-07-01T16:52:45.007378,265.15,344,2.1261,2.1496,2.1317,22253
2025-07-01T16:52:45.380340,265.52,345,2.1261,2.1475,2.1317,22251
2025-07-01T16:52:45.663225,265.81,346,2.1261,2.1496,2.1318,22253
2025-07-01T16:52:46.045316,266.19,347,2.1261,2.1475,2.1318,22251
2025-07-01T16:52:46.326608,266.47,348,2.1262,2.1496,2.1318,22253
2025-07-01T16:52:46.730193,266.87,349,2.1262,2.1475,2.1319,22251
2025-07-01T16:52:47.012600,267.16,350,2.1262,2.1496,2.1319,22253
2025-07-01T16:52:47.387635,267.53,351,2.1262,2.1475,2.1319,22251
2025-07-01T16:52:47.672236,267.82,352,2.1262,2.1496,2.132,22253
2025-07-01T16:52:48.098260,268.24,353,2.1262,2.1475,2.132,22251
2025-07-01T16:52:48.387110,268.53,354,2.1263,2.1496,2.1321,22253
2025-07-01T16:52:48.767120,268.91,355,2.1263,2.1475,2.1321,22251
2025-07-01T16:52:49.114995,269.26,356,2.1263,2.1496,2.1321,22253
2025-07-01T16:52:49.492494,269.64,357,2.1263,2.1475,2.1322,22251
2025-07-01T16:52:49.783887,269.93,358,2.1263,2.1496,2.1322,22253
2025-07-01T16:52:50.166259,270.31,359,2.1263,2.1475,2.1322,22251
2025-07-01T16:52:50.455725,270.6,360,2.1264,2.1496,2.1323,22253
2025-07-01T16:52:50.835832,270.98,361,2.1264,2.1475,2.1323,22253
2025-07-01T16:52:51.129619,271.27,362,2.1264,2.1496,2.1323,22255
2025-07-01T16:52:51.510758,271.65,363,2.1264,2.1475,2.1324,22253
2025-07-01T16:52:51.801754,271.94,364,2.1264,2.1496,2.1324,22255
2025-07-01T16:52:52.188081,272.33,365,2.1264,2.1475,2.1324,22253
2025-07-01T16:52:52.478397,272.62,366,2.1265,2.1496,2.1325,23663
2025-07-01T16:52:52.866487,273.01,367,2.1265,2.1475,2.1325,23661
2025-07-01T16:52:53.165553,273.31,368,2.1265,2.1496,2.1326,23663
2025-07-01T16:52:53.551111,273.69,369,2.1265,2.1475,2.1326,23661
2025-07-01T16:52:53.845250,273.99,370,2.1265,2.1496,2.1326,23663
2025-07-01T16:52:54.242983,274.39,371,2.1265,2.1475,2.1327,23661
2025-07-01T16:52:54.541605,274.68,372,2.1266,2.1496,2.1327,23663
2025-07-01T16:52:54.935683,275.08,373,2.1266,2.1475,2.1327,23661
2025-07-01T16:52:55.235633,275.38,374,2.1266,2.1496,2.1328,23663
2025-07-01T16:52:55.622632,275.77,375,2.1266,2.1475,2.1328,23661
2025-07-01T16:52:55.920713,276.06,376,2.1266,2.1475,2.1328,23661
2025-07-01T16:52:56.307849,276.45,377,2.1266,2.1475,2.1329,23663
2025-07-01T16:52:56.605788,276.75,378,2.1267,2.1475,2.1329,23663
2025-07-01T16:52:56.998688,277.14,379,2.1267,2.1475,2.1329,23663
2025-07-01T16:52:57.297697,277.44,380,2.1267,2.1496,2.133,23665
2025-07-01T16:52:57.689329,277.83,381,2.1267,2.1475,2.133,23663
2025-07-01T16:52:57.993670,278.14,382,2.1267,2.1496,2.1331,23665
2025-07-01T16:52:58.385983,278.53,383,2.1267,2.1475,2.1331,23663
2025-07-01T16:52:58.689708,278.83,384,2.1267,2.1475,2.1331,23663
2025-07-01T16:52:59.108279,279.25,385,2.1268,2.1475,2.1332,23663
2025-07-01T16:52:59.429815,279.57,386,2.1268,2.1475,2.1332,23663
2025-07-01T16:52:59.850986,279.99,387,2.1268,2.1475,2.1332,23663
2025-07-01T16:53:00.174391,280.32,388,2.1268,2.1496,2.1333,23665
2025-07-01T16:53:00.592872,280.74,389,2.1268,2.1475,2.1333,23663
2025-07-01T16:53:00.916245,281.06,390,2.1268,2.1496,2.1333,23665
2025-07-01T16:53:01.340317,281.48,391,2.1269,2.1475,2.1334,23663
2025-07-01T16:53:01.667912,281.81,392,2.1269,2.1475,2.1334,23663
2025-07-01T16:53:02.088468,282.23,393,2.1269,2.1475,2.1334,23663
2025-07-01T16:53:02.411428,282.55,394,2.1269,2.1475,2.1335,23663
2025-07-01T16:53:02.829465,282.97,395,2.1269,2.1475,2.1335,23663
2025-07-01T16:53:03.153524,283.3,396,2.1269,2.1496,2.1336,23665
2025-07-01T16:53:03.576152,283.72,397,2.127,2.1475,2.1336,23663
2025-07-01T16:53:03.904399,284.05,398,2.127,2.1496,2.1336,23665
2025-07-01T16:53:04.325141,284.47,399,2.127,2.1475,2.1337,23663
2025-07-01T16:53:04.652080,284.8,400,2.127,2.1475,2.1337,23663
2025-07-01T16:53:05.071938,285.21,401,2.127,2.1475,2.1337,23663
2025-07-01T16:53:05.401309,285.54,402,2.127,2.1475,2.1338,23663
2025-07-01T16:53:05.894003,286.04,403,2.1271,2.1475,2.1338,22287
2025-07-01T16:53:06.265373,286.41,404,2.1271,2.1496,2.1338,22289
2025-07-01T16:53:06.692577,286.84,405,2.1271,2.1475,2.1339,22287
2025-07-01T16:53:07.029501,287.17,406,2.1271,2.1496,2.1339,22289
2025-07-01T16:53:07.459298,287.6,407,2.1271,2.1475,2.134,22287
2025-07-01T16:53:07.790113,287.93,408,2.1271,2.1475,2.134,22287
2025-07-01T16:53:08.219604,288.36,409,2.1272,2.1475,2.134,22287
2025-07-01T16:53:08.551868,288.69,410,2.1272,2.1496,2.1341,22289
2025-07-01T16:53:08.986401,289.13,411,2.1272,2.1475,2.1341,22287
2025-07-01T16:53:09.321463,289.46,412,2.1272,2.1475,2.1341,22287
2025-07-01T16:53:09.751354,289.89,413,2.1272,2.1475,2.1342,22287
2025-07-01T16:53:10.083047,290.23,414,2.1272,2.1475,2.1342,22287
2025-07-01T16:53:10.512046,290.66,415,2.1273,2.1475,2.1342,22287
2025-07-01T16:53:10.849994,290.99,416,2.1273,2.1496,2.1343,22289
2025-07-01T16:53:11.281988,291.42,417,2.1273,2.1496,2.1343,22293
2025-07-01T16:53:11.618782,291.76,418,2.1273,2.1496,2.1343,22293
2025-07-01T16:53:12.090368,292.23,419,2.1273,2.1475,2.1344,22291
2025-07-01T16:53:12.423297,292.57,420,2.1273,2.1496,2.1344,22293
2025-07-01T16:53:12.855320,293.0,421,2.1274,2.1475,2.1345,22291
2025-07-01T16:53:13.194376,293.34,422,2.1274,2.1496,2.1345,22293
2025-07-01T16:53:13.632732,293.78,423,2.1274,2.1475,2.1345,22291
2025-07-01T16:53:13.968221,294.11,424,2.1274,2.1496,2.1346,22293
2025-07-01T16:53:14.407219,294.55,425,2.1274,2.1475,2.1346,22291
2025-07-01T16:53:14.748134,294.89,426,2.1274,2.1496,2.1346,22293
2025-07-01T16:53:15.182844,295.33,427,2.1275,2.1475,2.1347,22583
2025-07-01T16:53:15.528339,295.67,428,2.1275,2.1496,2.1347,22585
2025-07-01T16:53:16.001407,296.14,429,2.1275,2.1496,2.1347,22585
2025-07-01T16:53:16.342859,296.49,430,2.1275,2.1496,2.1348,22585
2025-07-01T16:53:16.807491,296.95,431,2.1275,2.1475,2.1348,22583
2025-07-01T16:53:17.147684,297.29,432,2.1275,2.1496,2.1349,22585
2025-07-01T16:53:17.614435,297.76,433,2.1276,2.1475,2.1349,22583
2025-07-01T16:53:17.960323,298.1,434,2.1276,2.1496,2.1349,22585
2025-07-01T16:53:18.416421,298.56,435,2.1276,2.1475,2.135,22583
2025-07-01T16:53:18.759129,298.9,436,2.1276,2.1496,2.135,22585
2025-07-01T16:53:19.253011,299.4,437,2.1276,2.1475,2.135,22583
2025-07-01T16:53:19.597509,299.74,438,2.1276,2.1496,2.1351,22585
2025-07-01T16:53:20.089763,300.23,439,2.1277,2.1475,2.1351,22711
2025-07-01T16:53:20.434067,300.58,440,2.1277,2.1496,2.1351,22713
2025-07-01T16:53:20.905215,301.05,441,2.1277,2.1475,2.1352,22711
2025-07-01T16:53:21.250124,301.39,442,2.1277,2.1496,2.1352,22713
2025-07-01T16:53:21.761803,301.9,443,2.1277,2.1475,2.1353,22711
2025-07-01T16:53:22.105081,302.25,444,2.1277,2.1496,2.1353,22713
2025-07-01T16:53:22.572419,302.72,445,2.1278,2.1475,2.1353,22711
2025-07-01T16:53:22.920587,303.06,446,2.1278,2.1496,2.1354,22713
2025-07-01T16:53:23.382098,303.53,447,2.1278,2.1475,2.1354,22711
2025-07-01T16:53:23.727837,303.87,448,2.1278,2.1496,2.1354,22713
2025-07-01T16:53:24.213301,304.36,449,2.1278,2.1475,2.1355,22711
2025-07-01T16:53:24.574899,304.72,450,2.1278,2.1496,2.1355,22713
2025-07-01T16:53:25.062335,305.21,451,2.1279,2.1475,2.1355,22711
2025-07-01T16:53:25.430477,305.57,452,2.1279,2.1475,2.1356,22711
2025-07-01T16:53:25.909696,306.05,453,2.1279,2.1475,2.1356,22711
2025-07-01T16:53:26.274093,306.42,454,2.1279,2.1475,2.1357,22711
2025-07-01T16:53:26.759393,306.9,455,2.1279,2.1475,2.1357,22711
2025-07-01T16:53:27.171539,307.31,456,2.1279,2.1496,2.1357,22713
2025-07-01T16:53:27.654656,307.8,457,2.1279,2.1496,2.1358,22713
2025-07-01T16:53:28.022706,308.17,458,2.128,2.1496,2.1358,22713
2025-07-01T16:53:28.509243,308.65,459,2.128,2.1475,2.1358,22711
2025-07-01T16:53:28.877740,309.02,460,2.128,2.1496,2.1359,22713
2025-07-01T16:53:29.370859,309.51,461,2.128,2.1475,2.1359,22711
2025-07-01T16:53:29.742732,309.89,462,2.128,2.1496,2.1359,22713
2025-07-01T16:53:30.231955,310.37,463,2.128,2.1475,2.136,22711
2025-07-01T16:53:30.603339,310.75,464,2.1281,2.1496,2.136,22713
2025-07-01T16:53:31.088240,311.23,465,2.1281,2.1475,2.1361,22711
2025-07-01T16:53:31.459047,311.6,466,2.1281,2.1496,2.1361,22713
2025-07-01T16:53:31.944612,312.09,467,2.1281,2.1475,2.1361,22711
2025-07-01T16:53:32.316405,312.46,468,2.1281,2.1496,2.1362,22713
2025-07-01T16:53:32.803681,312.95,469,2.1281,2.1475,2.1362,22711
2025-07-01T16:53:33.169977,313.31,470,2.1282,2.1496,2.1362,22713
2025-07-01T16:53:33.656712,313.8,471,2.1282,2.1475,2.1363,22711
2025-07-01T16:53:34.025977,314.17,472,2.1282,2.1496,2.1363,22713
2025-07-01T16:53:34.520084,314.66,473,2.1282,2.1475,2.1364,22711
2025-07-01T16:53:34.894267,315.04,474,2.1282,2.1496,2.1364,22713
2025-07-01T16:53:35.382842,315.53,475,2.1282,2.1475,2.1364,22711
2025-07-01T16:53:35.912389,316.06,476,2.1283,2.1496,2.1365,22893
2025-07-01T16:53:36.355992,316.5,477,2.1283,2.1475,2.1365,22891
2025-07-01T16:53:36.795397,316.94,478,2.1283,2.1496,2.1365,22893
2025-07-01T16:53:37.234812,317.38,479,2.1283,2.1475,2.1366,22891
2025-07-01T16:53:37.716855,317.86,480,2.1283,2.1496,2.1366,22893
2025-07-01T16:53:38.157437,318.3,481,2.1283,2.1475,2.1366,22893
2025-07-01T16:53:38.599493,318.74,482,2.1284,2.1496,2.1367,22895
2025-07-01T16:53:39.043021,319.19,483,2.1284,2.1475,2.1367,22893
2025-07-01T16:53:39.480372,319.62,484,2.1284,2.1496,2.1368,22895
2025-07-01T16:53:39.934084,320.08,485,2.1284,2.1475,2.1368,22893
2025-07-01T16:53:40.375532,320.52,486,2.1284,2.1496,2.1368,22895
2025-07-01T16:53:40.811297,320.95,487,2.1284,2.1475,2.1369,22893
2025-07-01T16:53:41.274328,321.42,488,2.1285,2.1496,2.1369,22895
2025-07-01T16:53:41.715944,321.86,489,2.1285,2.1475,2.1369,22893
2025-07-01T16:53:42.161630,322.3,490,2.1285,2.1496,2.137,22895
2025-07-01T16:53:42.609043,322.75,491,2.1285,2.1475,2.137,22893
2025-07-01T16:53:43.051786,323.19,492,2.1285,2.1496,2.137,22895
2025-07-01T16:53:43.534545,323.68,493,2.1285,2.1475,2.1371,22893
2025-07-01T16:53:43.981413,324.12,494,2.1286,2.1496,2.1371,22895
2025-07-01T16:53:44.425737,324.57,495,2.1286,2.1475,2.1372,22893
2025-07-01T16:53:44.871057,325.01,496,2.1286,2.1496,2.1372,22895
2025-07-01T16:53:45.319189,325.46,497,2.1286,2.1475,2.1372,22893
2025-07-01T16:53:45.767669,325.91,498,2.1286,2.1496,2.1373,22895
2025-07-01T16:53:46.217372,326.36,499,2.1286,2.1475,2.1373,22893
2025-07-01T16:53:46.725812,326.87,500,2.1287,2.1496,2.1373,22895
2025-07-01T16:53:47.176625,327.32,501,2.1287,2.1496,2.1374,22895
2025-07-01T16:53:47.629055,327.77,502,2.1287,2.1496,2.1374,22895
2025-07-01T16:53:48.084256,328.23,503,2.1287,2.1496,2.1375,22895
2025-07-01T16:53:48.569358,328.71,504,2.1287,2.1496,2.1375,22895
2025-07-01T16:53:49.019279,329.16,505,2.1287,2.1475,2.1375,23045
2025-07-01T16:53:49.477590,329.62,506,2.1288,2.1496,2.1376,23047
2025-07-01T16:53:49.973731,330.12,507,2.1288,2.1496,2.1376,23047
2025-07-01T16:53:50.428091,330.57,508,2.1288,2.1496,2.1376,23047
2025-07-01T16:53:50.881293,331.02,509,2.1288,2.1475,2.1377,23045
2025-07-01T16:53:51.332762,331.48,510,2.1288,2.1496,2.1377,23047
2025-07-01T16:53:51.836538,331.98,511,2.1288,2.1475,2.1377,23045
2025-07-01T16:53:52.288568,332.43,512,2.1288,2.1496,2.1378,23047
2025-07-01T16:53:52.803121,332.95,513,2.1289,2.1475,2.1378,23379
2025-07-01T16:53:53.280647,333.42,514,2.1289,2.1496,2.1379,23381
2025-07-01T16:53:53.762265,333.91,515,2.1289,2.1496,2.1379,23381
2025-07-01T16:53:54.245390,334.39,516,2.1289,2.1496,2.1379,23381
2025-07-01T16:53:54.721757,334.86,517,2.1289,2.1475,2.138,23379
2025-07-01T16:53:55.200839,335.34,518,2.129,2.1496,2.138,23381
2025-07-01T16:53:55.678273,335.82,519,2.129,2.1475,2.138,23379
2025-07-01T16:53:56.192647,336.34,520,2.129,2.1496,2.1381,23381
2025-07-01T16:53:56.664943,336.81,521,2.129,2.1475,2.1381,23379
2025-07-01T16:53:57.140460,337.28,522,2.129,2.1496,2.1382,23381
2025-07-01T16:53:57.618410,337.76,523,2.129,2.1475,2.1382,23379
2025-07-01T16:53:58.094477,338.24,524,2.129,2.1496,2.1382,23381
2025-07-01T16:53:58.576281,338.72,525,2.1291,2.1475,2.1383,23379
2025-07-01T16:53:59.058014,339.2,526,2.1291,2.1496,2.1383,23381
2025-07-01T16:53:59.538396,339.68,527,2.1291,2.1475,2.1383,23379
2025-07-01T16:54:00.013729,340.16,528,2.1291,2.1496,2.1384,23381
2025-07-01T16:54:00.534004,340.68,529,2.1291,2.1475,2.1384,23379
2025-07-01T16:54:01.013537,341.16,530,2.1291,2.1496,2.1385,23381
2025-07-01T16:54:01.488996,341.63,531,2.1292,2.1475,2.1385,23379
2025-07-01T16:54:01.964431,342.11,532,2.1292,2.1496,2.1385,23381
2025-07-01T16:54:02.445851,342.59,533,2.1292,2.1475,2.1386,23379
2025-07-01T16:54:02.928763,343.07,534,2.1292,2.1496,2.1386,23381
2025-07-01T16:54:03.419181,343.56,535,2.1292,2.1475,2.1386,23379
2025-07-01T16:54:27.078246,367.22,328,2.1243,2.1454,2.1296,21959
2025-07-01T16:54:27.355848,367.5,329,2.1258,2.1475,2.1312,21987
2025-07-01T16:54:27.722832,367.87,330,2.1259,2.1496,2.1312,22169
2025-07-01T16:54:27.997080,368.14,331,2.1259,2.1496,2.1312,22169
2025-07-01T16:54:28.367575,368.51,332,2.1259,2.1496,2.1313,22169
2025-07-01T16:54:28.644729,368.79,333,2.1259,2.1475,2.1313,22167
2025-07-01T16:54:29.009359,369.15,334,2.1259,2.1496,2.1313,22169
2025-07-01T16:54:29.284207,369.43,335,2.1259,2.1475,2.1314,22167
2025-07-01T16:54:29.653929,369.8,336,2.126,2.1496,2.1314,22169
2025-07-01T16:54:29.935228,370.08,337,2.126,2.1475,2.1314,22167
2025-07-01T16:54:30.307484,370.45,338,2.126,2.1496,2.1315,22169
2025-07-01T16:54:30.584966,370.73,339,2.126,2.1475,2.1315,22167
2025-07-01T16:54:30.956384,371.1,340,2.126,2.1496,2.1316,22169
2025-07-01T16:54:31.235085,371.38,341,2.126,2.1475,2.1316,22167
2025-07-01T16:54:31.621431,371.76,342,2.1261,2.1496,2.1316,22169
2025-07-01T16:54:31.902038,372.05,343,2.1261,2.1475,2.1317,22167
2025-07-01T16:54:32.276407,372.42,344,2.1261,2.1496,2.1317,22169
2025-07-01T16:54:32.559114,372.7,345,2.1261,2.1475,2.1317,22167
2025-07-01T16:54:32.984518,373.13,346,2.1261,2.1496,2.1318,22169
2025-07-01T16:54:33.266047,373.41,347,2.1261,2.1475,2.1318,22167
2025-07-01T16:54:33.640028,373.78,348,2.1262,2.1475,2.1318,22167
2025-07-01T16:54:33.972282,374.12,349,2.1262,2.1475,2.1319,22167
2025-07-01T16:54:34.346160,374.49,350,2.1262,2.1496,2.1319,22169
2025-07-01T16:54:34.628978,374.77,351,2.1262,2.1475,2.1319,22167
2025-07-01T16:54:35.011360,375.15,352,2.1262,2.1496,2.132,22169
2025-07-01T16:54:35.300286,375.44,353,2.1262,2.1475,2.132,22167
2025-07-01T16:54:35.675699,375.82,354,2.1263,2.1475,2.1321,22167
2025-07-01T16:54:35.980982,376.12,355,2.1263,2.1475,2.1321,22167
2025-07-01T16:54:36.360008,376.5,356,2.1263,2.1496,2.1321,22169
2025-07-01T16:54:36.648148,376.79,357,2.1263,2.1496,2.1322,22169
2025-07-01T16:54:37.058817,377.2,358,2.1263,2.1475,2.1322,22167
2025-07-01T16:54:37.350448,377.49,359,2.1263,2.1475,2.1322,22167
2025-07-01T16:54:37.733549,377.88,360,2.1264,2.1475,2.1323,22167
2025-07-01T16:54:38.023414,378.17,361,2.1264,2.1496,2.1323,22171
2025-07-01T16:54:38.418231,378.56,362,2.1264,2.1496,2.1323,22171
2025-07-01T16:54:38.708674,378.85,363,2.1264,2.1496,2.1324,22171
2025-07-01T16:54:39.089692,379.23,364,2.1264,2.1475,2.1324,22169
2025-07-01T16:54:39.416475,379.56,365,2.1264,2.1496,2.1324,22171
2025-07-01T16:54:39.796049,379.94,366,2.1265,2.1475,2.1325,23577
2025-07-01T16:54:40.095873,380.24,367,2.1265,2.1496,2.1325,23579
2025-07-01T16:54:40.484757,380.63,368,2.1265,2.1475,2.1326,23579
2025-07-01T16:54:40.776854,380.92,369,2.1265,2.1475,2.1326,23579
2025-07-01T16:54:41.163092,381.31,370,2.1265,2.1475,2.1326,23579
2025-07-01T16:54:41.457049,381.6,371,2.1265,2.1475,2.1327,23579
2025-07-01T16:54:41.844677,381.99,372,2.1266,2.1475,2.1327,23579
2025-07-01T16:54:42.144012,382.29,373,2.1266,2.1496,2.1327,23581
2025-07-01T16:54:42.531193,382.67,374,2.1266,2.1475,2.1328,23579
2025-07-01T16:54:42.829193,382.97,375,2.1266,2.1496,2.1328,23581
2025-07-01T16:54:43.220368,383.36,376,2.1266,2.1475,2.1328,23579
2025-07-01T16:54:43.521555,383.66,377,2.1266,2.1475,2.1329,23581
2025-07-01T16:54:43.962570,384.11,378,2.1267,2.1475,2.1329,23581
2025-07-01T16:54:44.264637,384.41,379,2.1267,2.1475,2.1329,23581
2025-07-01T16:54:44.678942,384.82,380,2.1267,2.1475,2.133,23581
2025-07-01T16:54:44.977491,385.12,381,2.1267,2.1496,2.133,23583
2025-07-01T16:54:45.371601,385.51,382,2.1267,2.1475,2.1331,23581
2025-07-01T16:54:45.669051,385.81,383,2.1267,2.1496,2.1331,23583
2025-07-01T16:54:46.062414,386.21,384,2.1267,2.1475,2.1331,23581
2025-07-01T16:54:46.387518,386.53,385,2.1268,2.1475,2.1332,23581
2025-07-01T16:54:46.839106,386.98,386,2.1268,2.1475,2.1332,23581
2025-07-01T16:54:47.160770,387.3,387,2.1268,2.1475,2.1332,23581
2025-07-01T16:54:47.579203,387.72,388,2.1268,2.1475,2.1333,23581
2025-07-01T16:54:47.918853,388.06,389,2.1268,2.1496,2.1333,23583
2025-07-01T16:54:48.338039,388.48,390,2.1268,2.1496,2.1333,23583
2025-07-01T16:54:48.663512,388.81,391,2.1269,2.1496,2.1334,23583
2025-07-01T16:54:49.086529,389.23,392,2.1269,2.1475,2.1334,23581
2025-07-01T16:54:49.408702,389.55,393,2.1269,2.1496,2.1334,23583
2025-07-01T16:54:49.824196,389.97,394,2.1269,2.1475,2.1335,23581
2025-07-01T16:54:50.147663,390.29,395,2.1269,2.1496,2.1335,23583
2025-07-01T16:54:50.571404,390.71,396,2.1269,2.1475,2.1336,23581
2025-07-01T16:54:50.896220,391.04,397,2.127,2.1496,2.1336,23583
2025-07-01T16:54:51.320934,391.46,398,2.127,2.1475,2.1336,23581
2025-07-01T16:54:51.645788,391.79,399,2.127,2.1496,2.1337,23583
2025-07-01T16:54:52.066590,392.21,400,2.127,2.1475,2.1337,23581
2025-07-01T16:54:52.394128,392.54,401,2.127,2.1496,2.1337,23583
2025-07-01T16:54:52.817507,392.96,402,2.127,2.1475,2.1338,23581
2025-07-01T16:54:53.205799,393.35,403,2.1271,2.1496,2.1338,22653
2025-07-01T16:54:53.684831,393.83,404,2.1271,2.1475,2.1338,22651
2025-07-01T16:54:54.014349,394.16,405,2.1271,2.1496,2.1339,22653
2025-07-01T16:54:54.456375,394.6,406,2.1271,2.1475,2.1339,22651
2025-07-01T16:54:54.785101,394.93,407,2.1271,2.1496,2.134,22653
2025-07-01T16:54:55.219415,395.36,408,2.1271,2.1475,2.134,22651
2025-07-01T16:54:55.549096,395.69,409,2.1272,2.1496,2.134,22653
2025-07-01T16:54:55.981214,396.12,410,2.1272,2.1475,2.1341,22651
2025-07-01T16:54:56.312246,396.46,411,2.1272,2.1496,2.1341,22653
2025-07-01T16:54:56.744400,396.89,412,2.1272,2.1475,2.1341,22651
2025-07-01T16:54:57.080368,397.22,413,2.1272,2.1496,2.1342,22653
2025-07-01T16:54:57.511957,397.65,414,2.1272,2.1475,2.1342,22651
2025-07-01T16:54:57.850200,397.99,415,2.1273,2.1496,2.1342,22653
2025-07-01T16:54:58.281960,398.42,416,2.1273,2.1475,2.1343,22651
2025-07-01T16:54:58.614436,398.76,417,2.1273,2.1496,2.1343,22657
2025-07-01T16:54:59.048521,399.19,418,2.1273,2.1496,2.1344,22657
2025-07-01T16:54:59.383009,399.53,419,2.1273,2.1496,2.1344,22657
2025-07-01T16:54:59.821254,399.96,420,2.1273,2.1475,2.1344,22655
2025-07-01T16:55:00.187834,400.33,421,2.1274,2.1496,2.1345,22657
2025-07-01T16:55:00.622788,400.77,422,2.1274,2.1475,2.1345,22655
2025-07-01T16:55:00.962956,401.11,423,2.1274,2.1496,2.1345,22657
2025-07-01T16:55:01.403839,401.55,424,2.1274,2.1475,2.1346,22655
2025-07-01T16:55:01.738080,401.88,425,2.1274,2.1496,2.1346,22657
2025-07-01T16:55:02.172758,402.32,426,2.1274,2.1475,2.1346,22655
2025-07-01T16:55:02.509397,402.65,427,2.1275,2.1496,2.1347,22921
2025-07-01T16:55:02.957471,403.1,428,2.1275,2.1475,2.1347,22919
2025-07-01T16:55:03.344133,403.49,429,2.1275,2.1496,2.1347,22921
2025-07-01T16:55:03.799607,403.94,430,2.1275,2.1475,2.1348,22919
2025-07-01T16:55:04.138817,404.28,431,2.1275,2.1496,2.1348,22921
2025-07-01T16:55:04.636724,404.78,432,2.1275,2.1475,2.1349,22919
2025-07-01T16:55:04.976628,405.12,433,2.1276,2.1496,2.1349,22941
2025-07-01T16:55:05.436086,405.58,434,2.1276,2.1475,2.1349,22939
2025-07-01T16:55:05.780198,405.92,435,2.1276,2.1496,2.135,22941
2025-07-01T16:55:06.246971,406.39,436,2.1276,2.1475,2.135,22939
2025-07-01T16:55:06.587758,406.73,437,2.1276,2.1496,2.135,22941
2025-07-01T16:55:07.048634,407.19,438,2.1276,2.1475,2.1351,22939
2025-07-01T16:55:07.437544,407.58,439,2.1277,2.1496,2.1351,23105
2025-07-01T16:55:07.898810,408.04,440,2.1277,2.1475,2.1351,23103
2025-07-01T16:55:08.310136,408.45,441,2.1277,2.1496,2.1352,23105
2025-07-01T16:55:08.724040,408.87,442,2.1277,2.1496,2.1352,23105
2025-07-01T16:55:09.138536,409.28,443,2.1277,2.1496,2.1353,23105
2025-07-01T16:55:09.598980,409.74,444,2.1277,2.1475,2.1353,23103
2025-07-01T16:55:10.013168,410.16,445,2.1278,2.1496,2.1353,23105
2025-07-01T16:55:10.424872,410.57,446,2.1278,2.1475,2.1354,23103
2025-07-01T16:55:10.837168,410.98,447,2.1278,2.1496,2.1354,23105
2025-07-01T16:55:11.255369,411.4,448,2.1278,2.1475,2.1354,23103
2025-07-01T16:55:11.681812,411.82,449,2.1278,2.1496,2.1355,23105
2025-07-01T16:55:12.162415,412.31,450,2.1278,2.1475,2.1355,23103
2025-07-01T16:55:12.589459,412.73,451,2.1279,2.1496,2.1355,23105
2025-07-01T16:55:13.023164,413.17,452,2.1279,2.1475,2.1356,23103
2025-07-01T16:55:13.452085,413.6,453,2.1279,2.1496,2.1356,23105
2025-07-01T16:55:13.911597,414.05,454,2.1279,2.1475,2.1357,23103
2025-07-01T16:55:14.279803,414.42,455,2.1279,2.1496,2.1357,23105
2025-07-01T16:55:14.719269,414.86,456,2.1279,2.1475,2.1357,23103
2025-07-01T16:55:15.157058,415.3,457,2.1279,2.1496,2.1358,23105
2025-07-01T16:55:15.594186,415.74,458,2.128,2.1496,2.1358,23105
2025-07-01T16:55:16.028992,416.17,459,2.128,2.1496,2.1358,23107
2025-07-01T16:55:16.499129,416.64,460,2.128,2.1475,2.1359,23105
2025-07-01T16:55:16.935399,417.08,461,2.128,2.1475,2.1359,23105
2025-07-01T16:55:17.370845,417.51,462,2.128,2.1496,2.1359,23107
2025-07-01T16:55:17.801194,417.94,463,2.128,2.1496,2.136,23107
2025-07-01T16:55:18.253173,418.4,464,2.1281,2.1475,2.136,23105
2025-07-01T16:55:18.688101,418.83,465,2.1281,2.1496,2.1361,23107
2025-07-01T16:55:19.122606,419.27,466,2.1281,2.1475,2.1361,23105
2025-07-01T16:55:19.553748,419.7,467,2.1281,2.1496,2.1361,23107
2025-07-01T16:55:19.992309,420.14,468,2.1281,2.1475,2.1362,23105
2025-07-01T16:55:20.434180,420.58,469,2.1281,2.1475,2.1362,23105
2025-07-01T16:55:20.871528,421.01,470,2.1282,2.1475,2.1362,23105
2025-07-01T16:55:21.304602,421.45,471,2.1282,2.1475,2.1363,23105
2025-07-01T16:55:21.742083,421.89,472,2.1282,2.1475,2.1363,23105
2025-07-01T16:55:22.183272,422.33,473,2.1282,2.1496,2.1364,23107
2025-07-01T16:55:22.645585,422.79,474,2.1282,2.1475,2.1364,23105
2025-07-01T16:55:23.086784,423.23,475,2.1282,2.1496,2.1364,23107
2025-07-01T16:55:23.567536,423.71,476,2.1283,2.1475,2.1365,23231
2025-07-01T16:55:24.007794,424.15,477,2.1283,2.1496,2.1365,23233
2025-07-01T16:55:24.447833,424.59,478,2.1283,2.1475,2.1365,23231
2025-07-01T16:55:24.889243,425.03,479,2.1283,2.1496,2.1366,23233
2025-07-01T16:55:25.331117,425.47,480,2.1283,2.1475,2.1366,23231
2025-07-01T16:55:25.773342,425.92,481,2.1283,2.1496,2.1366,23235
2025-07-01T16:55:26.246586,426.39,482,2.1284,2.1475,2.1367,23233
2025-07-01T16:55:26.684370,426.83,483,2.1284,2.1496,2.1367,23235
2025-07-01T16:55:27.121623,427.26,484,2.1284,2.1475,2.1368,23233
2025-07-01T16:55:27.564350,427.71,485,2.1284,2.1496,2.1368,23235
2025-07-01T16:55:28.014478,428.16,486,2.1284,2.1475,2.1368,23233
2025-07-01T16:55:28.459567,428.6,487,2.1284,2.1496,2.1369,23235
2025-07-01T16:55:28.903519,429.05,488,2.1285,2.1475,2.1369,23233
2025-07-01T16:55:29.380995,429.52,489,2.1285,2.1496,2.1369,23235
2025-07-01T16:55:29.824204,429.97,490,2.1285,2.1496,2.137,23235
2025-07-01T16:55:30.266865,430.41,491,2.1285,2.1496,2.137,23235
2025-07-01T16:55:30.710955,430.85,492,2.1285,2.1496,2.137,23235
2025-07-01T16:55:31.162498,431.31,493,2.1285,2.1496,2.1371,23235
2025-07-01T16:55:31.650193,431.79,494,2.1286,2.1496,2.1371,23235
2025-07-01T16:55:32.094362,432.24,495,2.1286,2.1475,2.1372,23233
2025-07-01T16:55:32.541893,432.68,496,2.1286,2.1496,2.1372,23235
2025-07-01T16:55:32.991675,433.13,497,2.1286,2.1475,2.1372,23233
2025-07-01T16:55:33.445323,433.59,498,2.1286,2.1496,2.1373,23235
2025-07-01T16:55:33.892213,434.04,499,2.1286,2.1496,2.1373,23235
2025-07-01T16:55:34.346205,434.49,500,2.1287,2.1496,2.1373,23235
2025-07-01T16:55:34.793374,434.94,501,2.1287,2.1475,2.1374,23233
2025-07-01T16:55:35.236929,435.38,502,2.1287,2.1496,2.1374,23235
2025-07-01T16:55:35.688184,435.83,503,2.1287,2.1496,2.1375,23235
2025-07-01T16:55:36.142517,436.29,504,2.1287,2.1496,2.1375,23235
2025-07-01T16:55:36.626296,436.77,505,2.1287,2.1475,2.1375,23233
2025-07-01T16:55:37.075449,437.22,506,2.1288,2.1496,2.1376,23235
2025-07-01T16:55:37.527685,437.67,507,2.1288,2.1496,2.1376,23235
2025-07-01T16:55:38.031723,438.17,508,2.1288,2.1496,2.1376,23235
2025-07-01T16:55:38.486766,438.63,509,2.1288,2.1475,2.1377,23233
2025-07-01T16:55:38.937184,439.08,510,2.1288,2.1496,2.1377,23235
2025-07-01T16:55:39.398034,439.54,511,2.1288,2.1496,2.1377,23235
2025-07-01T16:55:39.885209,440.03,512,2.1289,2.1496,2.1378,23235
2025-07-01T16:55:40.398290,440.54,513,2.1289,2.1475,2.1378,23343
2025-07-01T16:55:40.871547,441.01,514,2.1289,2.1496,2.1379,23345
2025-07-01T16:55:41.347132,441.49,515,2.1289,2.1496,2.1379,23345
2025-07-01T16:55:41.822202,441.97,516,2.1289,2.1496,2.1379,23345
2025-07-01T16:55:42.299636,442.44,517,2.1289,2.1475,2.138,23343
2025-07-01T16:55:42.778496,442.92,518,2.129,2.1496,2.138,23345
2025-07-01T16:55:43.255448,443.4,519,2.129,2.1496,2.138,23345
2025-07-01T16:55:43.731306,443.87,520,2.129,2.1496,2.1381,23345
2025-07-01T16:55:44.208249,444.35,521,2.129,2.1496,2.1381,23345
2025-07-01T16:55:44.683986,444.83,522,2.129,2.1496,2.1382,23345
2025-07-01T16:55:45.161872,445.3,523,2.129,2.1496,2.1382,23345
2025-07-01T16:55:45.637488,445.78,524,2.129,2.1496,2.1382,23345
2025-07-01T16:55:46.112528,446.26,525,2.1291,2.1496,2.1383,23345
2025-07-01T16:55:46.587465,446.73,526,2.1291,2.1496,2.1383,23345
2025-07-01T16:55:47.070223,447.21,527,2.1291,2.1496,2.1383,23345
2025-07-01T16:55:47.550997,447.69,528,2.1291,2.1475,2.1384,23343
2025-07-01T16:55:48.033986,448.18,529,2.1291,2.1496,2.1384,23345
2025-07-01T16:55:48.549364,448.69,530,2.1291,2.1475,2.1385,23343
2025-07-01T16:55:49.030988,449.17,531,2.1292,2.1496,2.1385,23345
2025-07-01T16:55:49.510270,449.65,532,2.1292,2.1475,2.1385,23343
2025-07-01T16:55:49.992023,450.14,533,2.1292,2.1496,2.1386,23345
2025-07-01T16:55:50.474290,450.62,534,2.1292,2.1475,2.1386,23343
2025-07-01T16:55:50.953970,451.1,535,2.1292,2.1496,2.1386,23345
2025-07-01T16:55:51.433694,451.58,536,2.1292,2.1475,2.1387,23343
2025-07-01T16:55:51.910124,452.05,537,2.1293,2.1496,2.1387,23345
2025-07-01T16:55:52.392771,452.54,538,2.1293,2.1475,2.1387,23343
2025-07-01T16:55:52.875056,453.02,539,2.1293,2.1496,2.1388,23345
2025-07-01T16:55:53.362670,453.51,540,2.1293,2.1475,2.1388,23343
2025-07-01T16:55:53.849349,453.99,541,2.1293,2.1496,2.1389,23345
2025-07-01T16:55:54.342360,454.49,542,2.1293,2.1475,2.1389,23343
2025-07-01T16:55:54.825608,454.97,543,2.1294,2.1475,2.1389,23343
2025-07-01T16:55:55.318161,455.46,544,2.1294,2.1475,2.139,23343
2025-07-01T16:55:55.803708,455.95,545,2.1294,2.1496,2.139,23345
2025-07-01T16:55:56.294603,456.44,546,2.1294,2.1475,2.139,23343
2025-07-01T16:55:56.785395,456.93,547,2.1294,2.1496,2.1391,23345
2025-07-01T16:55:57.281467,457.42,548,2.1294,2.1475,2.1391,23343
2025-07-01T16:55:57.819658,457.96,549,2.1295,2.1496,2.1392,23473
2025-07-01T16:55:58.309026,458.45,550,2.1295,2.1475,2.1392,23471
2025-07-01T16:55:58.797032,458.94,551,2.1295,2.1496,2.1392,23473
2025-07-01T16:55:59.285622,459.43,552,2.1295,2.1475,2.1393,23471
2025-07-01T16:55:59.778317,459.92,553,2.1295,2.1496,2.1393,23473
2025-07-01T16:56:00.274195,460.42,554,2.1295,2.1475,2.1393,23471
2025-07-01T16:56:00.834776,460.98,555,2.1296,2.1496,2.1394,23473
2025-07-01T16:56:01.327947,461.47,556,2.1296,2.1475,2.1394,23471
2025-07-01T16:56:01.826332,461.97,557,2.1296,2.1496,2.1395,23473
2025-07-01T16:56:02.318340,462.46,558,2.1296,2.1496,2.1395,23473
2025-07-01T16:56:02.814530,462.96,559,2.1296,2.1496,2.1395,23473
2025-07-01T16:56:03.307847,463.45,560,2.1296,2.1496,2.1396,23473
2025-07-01T16:56:03.808192,463.95,561,2.1297,2.1496,2.1396,23473
2025-07-01T16:56:04.311227,464.45,562,2.1297,2.1475,2.1396,23471
2025-07-01T16:56:04.818997,464.96,563,2.1297,2.1496,2.1397,23473
2025-07-01T16:56:05.325075,465.47,564,2.1297,2.1475,2.1397,23471
2025-07-01T16:56:05.831573,465.97,565,2.1297,2.1496,2.1398,23473
2025-07-01T16:56:06.378166,466.52,566,2.1297,2.1475,2.1398,23471
2025-07-01T16:56:06.880803,467.02,567,2.1298,2.1496,2.1398,23473
2025-07-01T16:56:07.388212,467.53,568,2.1298,2.1475,2.1399,23471
2025-07-01T16:56:07.897612,468.04,569,2.1298,2.1496,2.1399,23473
2025-07-01T16:56:08.423123,468.57,570,2.1298,2.1475,2.1399,23471
2025-07-01T16:56:08.930558,469.07,571,2.1298,2.1496,2.14,23473
2025-07-01T16:56:09.438475,469.58,572,2.1298,2.1475,2.14,23471
2025-07-01T16:56:09.944697,470.09,573,2.1299,2.1496,2.1401,23473
2025-07-01T16:56:10.458343,470.6,574,2.1299,2.1475,2.1401,23471
2025-07-01T16:56:10.960388,471.1,575,2.1299,2.1496,2.1401,23473
2025-07-01T16:56:11.466847,471.61,576,2.1299,2.1475,2.1402,23471
2025-07-01T16:56:11.996142,472.14,577,2.1299,2.1496,2.1402,23817
2025-07-01T16:56:12.516334,472.66,578,2.1299,2.1475,2.1402,23815
2025-07-01T16:56:13.035824,473.18,579,2.13,2.1496,2.1403,23817
2025-07-01T16:56:13.557701,473.7,580,2.13,2.1475,2.1403,23815
2025-07-01T16:56:14.086696,474.23,581,2.13,2.1496,2.1404,23817
2025-07-01T16:56:14.607637,474.75,582,2.13,2.1475,2.1404,23815
2025-07-01T16:56:15.132228,475.28,583,2.13,2.1496,2.1404,23817
2025-07-01T16:56:46.728207,506.87,328,2.1243,2.1454,2.1296,22123
2025-07-01T16:56:47.008112,507.15,329,2.1258,2.1475,2.1312,22151
2025-07-01T16:56:47.370195,507.51,330,2.1259,2.1496,2.1312,22333
2025-07-01T16:56:47.689378,507.83,331,2.1259,2.1496,2.1312,22333
2025-07-01T16:56:48.057869,508.2,332,2.1259,2.1496,2.1313,22333
2025-07-01T16:56:48.336295,508.48,333,2.1259,2.1496,2.1313,22333
2025-07-01T16:56:48.707346,508.85,334,2.1259,2.1496,2.1313,22333
2025-07-01T16:56:49.022153,509.17,335,2.1259,2.1475,2.1314,22331
2025-07-01T16:56:49.389076,509.53,336,2.126,2.1496,2.1314,22333
2025-07-01T16:56:49.668923,509.81,337,2.126,2.1475,2.1314,22331
2025-07-01T16:56:50.035526,510.18,338,2.126,2.1496,2.1315,22333
2025-07-01T16:56:50.314652,510.46,339,2.126,2.1475,2.1315,22331
2025-07-01T16:56:50.681925,510.82,340,2.126,2.1496,2.1316,22333
2025-07-01T16:56:50.967672,511.11,341,2.126,2.1475,2.1316,22331
2025-07-01T16:56:51.340560,511.48,342,2.1261,2.1496,2.1316,22333
2025-07-01T16:56:51.619512,511.76,343,2.1261,2.1475,2.1317,22331
2025-07-01T16:56:52.030764,512.17,344,2.1261,2.1496,2.1317,22333
2025-07-01T16:56:52.312297,512.46,345,2.1261,2.1496,2.1317,22333
2025-07-01T16:56:52.683367,512.83,346,2.1261,2.1496,2.1318,22333
2025-07-01T16:56:52.971828,513.11,347,2.1261,2.1475,2.1318,22331
2025-07-01T16:56:53.378954,513.52,348,2.1262,2.1496,2.1318,22333
2025-07-01T16:56:53.661773,513.8,349,2.1262,2.1475,2.1319,22331
2025-07-01T16:56:54.034246,514.18,350,2.1262,2.1496,2.1319,22333
2025-07-01T16:56:54.318005,514.46,351,2.1262,2.1475,2.1319,22331
2025-07-01T16:56:54.695013,514.84,352,2.1262,2.1496,2.132,22333
2025-07-01T16:56:54.981349,515.12,353,2.1262,2.1475,2.132,22331
2025-07-01T16:56:55.356108,515.5,354,2.1263,2.1496,2.1321,22333
2025-07-01T16:56:55.648094,515.79,355,2.1263,2.1475,2.1321,22331
2025-07-01T16:56:56.027901,516.17,356,2.1263,2.1496,2.1321,22333
2025-07-01T16:56:56.349541,516.49,357,2.1263,2.1475,2.1322,22331
2025-07-01T16:56:56.733156,516.88,358,2.1263,2.1496,2.1322,22333
2025-07-01T16:56:57.019814,517.16,359,2.1263,2.1475,2.1322,22331
2025-07-01T16:56:57.440510,517.58,360,2.1264,2.1496,2.1323,22333
2025-07-01T16:56:57.733139,517.88,361,2.1264,2.1475,2.1323,22333
2025-07-01T16:56:58.116431,518.26,362,2.1264,2.1496,2.1323,22335
2025-07-01T16:56:58.407908,518.55,363,2.1264,2.1475,2.1324,22333
2025-07-01T16:56:58.805004,518.95,364,2.1264,2.1496,2.1324,22335
2025-07-01T16:56:59.096248,519.24,365,2.1264,2.1475,2.1324,22333
2025-07-01T16:56:59.474954,519.62,366,2.1265,2.1496,2.1325,23743
2025-07-01T16:56:59.808995,519.95,367,2.1265,2.1475,2.1325,23741
2025-07-01T16:57:00.193716,520.34,368,2.1265,2.1496,2.1326,23743
2025-07-01T16:57:00.489730,520.63,369,2.1265,2.1475,2.1326,23741
2025-07-01T16:57:00.875899,521.02,370,2.1265,2.1496,2.1326,23743
2025-07-01T16:57:01.175932,521.32,371,2.1265,2.1475,2.1327,23741
2025-07-01T16:57:01.570068,521.71,372,2.1266,2.1496,2.1327,23743
2025-07-01T16:57:01.867067,522.01,373,2.1266,2.1475,2.1327,23741
2025-07-01T16:57:02.253156,522.4,374,2.1266,2.1496,2.1328,23743
2025-07-01T16:57:02.551770,522.69,375,2.1266,2.1475,2.1328,23741
2025-07-01T16:57:02.942358,523.09,376,2.1266,2.1496,2.1328,23743
2025-07-01T16:57:03.240540,523.38,377,2.1266,2.1475,2.1329,23743
2025-07-01T16:57:03.629783,523.77,378,2.1267,2.1496,2.1329,23745
2025-07-01T16:57:03.951103,524.09,379,2.1267,2.1475,2.1329,23743
2025-07-01T16:57:04.340336,524.48,380,2.1267,2.1496,2.133,23745
2025-07-01T16:57:04.638212,524.78,381,2.1267,2.1475,2.133,23743
2025-07-01T16:57:05.030936,525.17,382,2.1267,2.1496,2.1331,23745
2025-07-01T16:57:05.335971,525.48,383,2.1267,2.1475,2.1331,23743
2025-07-01T16:57:05.733021,525.88,384,2.1267,2.1496,2.1331,23745
2025-07-01T16:57:06.103168,526.25,385,2.1268,2.1475,2.1332,23743
2025-07-01T16:57:06.519067,526.66,386,2.1268,2.1496,2.1332,23745
2025-07-01T16:57:06.838665,526.98,387,2.1268,2.1475,2.1332,23743
2025-07-01T16:57:07.256076,527.4,388,2.1268,2.1496,2.1333,23745
2025-07-01T16:57:07.580167,527.72,389,2.1268,2.1475,2.1333,23743
2025-07-01T16:57:07.999051,528.14,390,2.1268,2.1496,2.1333,23745
2025-07-01T16:57:08.321748,528.46,391,2.1269,2.1475,2.1334,23743
2025-07-01T16:57:08.734880,528.88,392,2.1269,2.1475,2.1334,23743
2025-07-01T16:57:09.057626,529.2,393,2.1269,2.1475,2.1334,23743
2025-07-01T16:57:09.470370,529.61,394,2.1269,2.1496,2.1335,23745
2025-07-01T16:57:09.792858,529.94,395,2.1269,2.1475,2.1335,23743
2025-07-01T16:57:10.209676,530.35,396,2.1269,2.1475,2.1336,23743
2025-07-01T16:57:10.538622,530.68,397,2.127,2.1475,2.1336,23743
2025-07-01T16:57:10.963823,531.11,398,2.127,2.1475,2.1336,23743
2025-07-01T16:57:11.295555,531.44,399,2.127,2.1475,2.1337,23743
2025-07-01T16:57:11.713697,531.86,400,2.127,2.1496,2.1337,23745
2025-07-01T16:57:12.044475,532.19,401,2.127,2.1475,2.1337,23743
2025-07-01T16:57:12.462878,532.61,402,2.127,2.1496,2.1338,23745
2025-07-01T16:57:12.913030,533.06,403,2.1271,2.1475,2.1338,22775
2025-07-01T16:57:13.344340,533.49,404,2.1271,2.1475,2.1338,22775
2025-07-01T16:57:13.683010,533.83,405,2.1271,2.1475,2.1339,22775
2025-07-01T16:57:14.117757,534.26,406,2.1271,2.1475,2.1339,22775
2025-07-01T16:57:14.448682,534.59,407,2.1271,2.1475,2.134,22775
2025-07-01T16:57:14.869976,535.01,408,2.1271,2.1496,2.134,22777
2025-07-01T16:57:15.203454,535.35,409,2.1272,2.1475,2.134,22775
2025-07-01T16:57:15.627756,535.77,410,2.1272,2.1496,2.1341,22777
2025-07-01T16:57:15.958052,536.1,411,2.1272,2.1475,2.1341,22775
2025-07-01T16:57:16.386431,536.53,412,2.1272,2.1475,2.1341,22775
2025-07-01T16:57:16.720414,536.86,413,2.1272,2.1475,2.1342,22775
2025-07-01T16:57:17.143898,537.29,414,2.1272,2.1496,2.1342,22777
2025-07-01T16:57:17.477932,537.62,415,2.1273,2.1475,2.1342,22775
2025-07-01T16:57:17.910573,538.05,416,2.1273,2.1475,2.1343,22775
2025-07-01T16:57:18.247272,538.39,417,2.1273,2.1475,2.1343,22779
2025-07-01T16:57:18.677528,538.82,418,2.1273,2.1475,2.1344,22779
2025-07-01T16:57:19.012500,539.16,419,2.1273,2.1475,2.1344,22779
2025-07-01T16:57:19.485406,539.63,420,2.1273,2.1496,2.1344,22781
2025-07-01T16:57:19.820628,539.96,421,2.1274,2.1475,2.1345,22779
2025-07-01T16:57:20.258862,540.4,422,2.1274,2.1496,2.1345,22781
2025-07-01T16:57:20.594291,540.74,423,2.1274,2.1475,2.1345,22779
2025-07-01T16:57:21.030015,541.17,424,2.1274,2.1475,2.1346,22779
2025-07-01T16:57:21.365549,541.51,425,2.1274,2.1475,2.1346,22779
2025-07-01T16:57:21.798687,541.94,426,2.1274,2.1475,2.1346,22779
2025-07-01T16:57:22.135189,542.28,427,2.1275,2.1475,2.1347,23091
2025-07-01T16:57:22.574061,542.72,428,2.1275,2.1496,2.1347,23093
2025-07-01T16:57:22.974671,543.12,429,2.1275,2.1475,2.1347,23091
2025-07-01T16:57:23.398890,543.54,430,2.1275,2.1496,2.1348,23093
2025-07-01T16:57:23.804687,543.95,431,2.1275,2.1475,2.1348,23091
2025-07-01T16:57:24.208964,544.35,432,2.1275,2.1475,2.1349,23091
2025-07-01T16:57:24.612708,544.76,433,2.1276,2.1475,2.1349,23111
2025-07-01T16:57:25.018596,545.16,434,2.1276,2.1475,2.1349,23111
2025-07-01T16:57:25.423392,545.57,435,2.1276,2.1475,2.135,23111
2025-07-01T16:57:25.858076,546.0,436,2.1276,2.1496,2.135,23113
2025-07-01T16:57:26.262174,546.41,437,2.1276,2.1475,2.135,23111
2025-07-01T16:57:26.669848,546.81,438,2.1276,2.1496,2.1351,23113
2025-07-01T16:57:27.118194,547.26,439,2.1277,2.1475,2.1351,23287
2025-07-01T16:57:27.524918,547.67,440,2.1277,2.1475,2.1351,23287
2025-07-01T16:57:27.932321,548.08,441,2.1277,2.1475,2.1352,23287
2025-07-01T16:57:28.343222,548.49,442,2.1277,2.1475,2.1352,23287
2025-07-01T16:57:28.761130,548.9,443,2.1277,2.1475,2.1353,23287
2025-07-01T16:57:29.206190,549.35,444,2.1277,2.1496,2.1353,23289
2025-07-01T16:57:29.615081,549.76,445,2.1278,2.1475,2.1353,23287
2025-07-01T16:57:30.027108,550.17,446,2.1278,2.1496,2.1354,23289
2025-07-01T16:57:30.439478,550.58,447,2.1278,2.1475,2.1354,23287
2025-07-01T16:57:30.853482,551.0,448,2.1278,2.1475,2.1354,23287
2025-07-01T16:57:31.315671,551.46,449,2.1278,2.1475,2.1355,23287
2025-07-01T16:57:31.746873,551.89,450,2.1278,2.1475,2.1355,23287
2025-07-01T16:57:32.169880,552.31,451,2.1279,2.1475,2.1355,23287
2025-07-01T16:57:32.597910,552.74,452,2.1279,2.1496,2.1356,23289
2025-07-01T16:57:33.031168,553.17,453,2.1279,2.1475,2.1356,23287
2025-07-01T16:57:33.516576,553.66,454,2.1279,2.1496,2.1357,23289
2025-07-01T16:57:33.948800,554.09,455,2.1279,2.1475,2.1357,23287
2025-07-01T16:57:34.380535,554.52,456,2.1279,2.1475,2.1357,23287
2025-07-01T16:57:34.811182,554.95,457,2.1279,2.1475,2.1358,23287
2025-07-01T16:57:35.246383,555.39,458,2.128,2.1475,2.1358,23287
2025-07-01T16:57:35.678780,555.82,459,2.128,2.1475,2.1358,23287
2025-07-01T16:57:36.115307,556.26,460,2.128,2.1496,2.1359,23289
2025-07-01T16:57:36.548206,556.69,461,2.128,2.1475,2.1359,23287
2025-07-01T16:57:36.981425,557.12,462,2.128,2.1496,2.1359,23289
2025-07-01T16:57:37.412097,557.56,463,2.128,2.1475,2.136,23287
2025-07-01T16:57:37.858353,558.0,464,2.1281,2.1496,2.136,23289
2025-07-01T16:57:38.293977,558.44,465,2.1281,2.1475,2.1361,23287
2025-07-01T16:57:38.727732,558.87,466,2.1281,2.1475,2.1361,23287
2025-07-01T16:57:39.164834,559.31,467,2.1281,2.1475,2.1361,23287
2025-07-01T16:57:39.598452,559.74,468,2.1281,2.1496,2.1362,23289
2025-07-01T16:57:40.036362,560.18,469,2.1281,2.1475,2.1362,23287
2025-07-01T16:57:40.472754,560.62,470,2.1282,2.1496,2.1362,23289
2025-07-01T16:57:40.905699,561.05,471,2.1282,2.1475,2.1363,23287
2025-07-01T16:57:41.338826,561.48,472,2.1282,2.1475,2.1363,23287
2025-07-01T16:57:41.779511,561.92,473,2.1282,2.1475,2.1364,23287
2025-07-01T16:57:42.217786,562.36,474,2.1282,2.1475,2.1364,23287
2025-07-01T16:57:42.650470,562.79,475,2.1282,2.1475,2.1364,23287
2025-07-01T16:57:43.131896,563.27,476,2.1283,2.1496,2.1365,23417
2025-07-01T16:57:43.567958,563.71,477,2.1283,2.1475,2.1365,23415
2025-07-01T16:57:44.038156,564.18,478,2.1283,2.1496,2.1365,23417
2025-07-01T16:57:44.475249,564.62,479,2.1283,2.1475,2.1366,23415
2025-07-01T16:57:44.919585,565.06,480,2.1283,2.1475,2.1366,23415
2025-07-01T16:57:45.367748,565.51,481,2.1283,2.1475,2.1366,23417
2025-07-01T16:57:45.809485,565.95,482,2.1284,2.1475,2.1367,23417
2025-07-01T16:57:46.251120,566.39,483,2.1284,2.1475,2.1367,23417
2025-07-01T16:57:46.690853,566.83,484,2.1284,2.1496,2.1368,23419
2025-07-01T16:57:47.136336,567.28,485,2.1284,2.1475,2.1368,23417
2025-07-01T16:57:47.605851,567.75,486,2.1284,2.1496,2.1368,23419
2025-07-01T16:57:48.050336,568.19,487,2.1284,2.1475,2.1369,23417
2025-07-01T16:57:48.490082,568.63,488,2.1285,2.1475,2.1369,23417
2025-07-01T16:57:48.933351,569.08,489,2.1285,2.1475,2.1369,23417
2025-07-01T16:57:49.375323,569.52,490,2.1285,2.1475,2.137,23417
2025-07-01T16:57:49.869004,570.01,491,2.1285,2.1475,2.137,23417
2025-07-01T16:57:50.307825,570.45,492,2.1285,2.1496,2.137,23419
2025-07-01T16:57:50.752782,570.9,493,2.1285,2.1475,2.1371,23417
2025-07-01T16:57:51.198562,571.34,494,2.1286,2.1496,2.1371,23419
2025-07-01T16:57:51.638288,571.78,495,2.1286,2.1475,2.1372,23417
2025-07-01T16:57:52.087134,572.23,496,2.1286,2.1475,2.1372,23417
2025-07-01T16:57:52.529208,572.67,497,2.1286,2.1475,2.1372,23417
2025-07-01T16:57:53.011311,573.15,498,2.1286,2.1475,2.1373,23417
2025-07-01T16:57:53.457758,573.6,499,2.1286,2.1475,2.1373,23417
2025-07-01T16:57:53.904639,574.05,500,2.1287,2.1496,2.1373,23419
2025-07-01T16:57:54.348522,574.49,501,2.1287,2.1475,2.1374,23417
2025-07-01T16:57:54.792985,574.94,502,2.1287,2.1496,2.1374,23419
2025-07-01T16:57:55.274987,575.42,503,2.1287,2.1475,2.1375,23417
2025-07-01T16:57:55.726321,575.87,504,2.1287,2.1475,2.1375,23417
2025-07-01T16:57:56.176662,576.32,505,2.1287,2.1475,2.1375,23417
2025-07-01T16:57:56.625981,576.77,506,2.1288,2.1475,2.1376,23417
2025-07-01T16:57:57.081982,577.22,507,2.1288,2.1475,2.1376,23417
2025-07-01T16:57:57.534127,577.68,508,2.1288,2.1496,2.1376,23419
2025-07-01T16:57:57.988674,578.13,509,2.1288,2.1475,2.1377,23417
2025-07-01T16:57:58.434989,578.58,510,2.1288,2.1496,2.1377,23419
2025-07-01T16:57:58.887566,579.03,511,2.1288,2.1496,2.1377,23419
2025-07-01T16:57:59.339271,579.48,512,2.1289,2.1496,2.1378,23419
2025-07-01T16:57:59.872069,580.02,513,2.1289,2.1475,2.1378,23527
2025-07-01T16:58:00.350910,580.49,514,2.1289,2.1475,2.1379,23527
2025-07-01T16:58:00.822605,580.97,515,2.1289,2.1475,2.1379,23527
2025-07-01T16:58:01.349164,581.49,516,2.1289,2.1496,2.1379,23529
2025-07-01T16:58:01.831700,581.97,517,2.1289,2.1475,2.138,23527
2025-07-01T16:58:02.310224,582.45,518,2.129,2.1496,2.138,23529
2025-07-01T16:58:02.787163,582.93,519,2.129,2.1475,2.138,23527
2025-07-01T16:58:03.257519,583.4,520,2.129,2.1475,2.1381,23527
2025-07-01T16:58:03.732939,583.88,521,2.129,2.1496,2.1381,23529
2025-07-01T16:58:04.214636,584.36,522,2.129,2.1475,2.1382,23527
2025-07-01T16:58:04.690063,584.83,523,2.129,2.1496,2.1382,23529
2025-07-01T16:58:05.170104,585.31,524,2.129,2.1496,2.1382,23529
2025-07-01T16:58:05.689550,585.83,525,2.1291,2.1496,2.1383,23529
2025-07-01T16:58:06.173398,586.32,526,2.1291,2.1475,2.1383,23527
2025-07-01T16:58:06.648006,586.79,527,2.1291,2.1496,2.1383,23529
2025-07-01T16:58:07.140632,587.28,528,2.1291,2.1496,2.1384,23529
2025-07-01T16:58:07.613088,587.76,529,2.1291,2.1496,2.1384,23529
2025-07-01T16:58:08.092250,588.24,530,2.1291,2.1475,2.1385,23527
2025-07-01T16:58:08.568687,588.71,531,2.1292,2.1496,2.1385,23529
2025-07-01T16:58:09.047867,589.19,532,2.1292,2.1496,2.1385,23529
2025-07-01T16:58:09.528111,589.67,533,2.1292,2.1496,2.1386,23529
2025-07-01T16:58:10.047716,590.19,534,2.1292,2.1475,2.1386,23527
2025-07-01T16:58:10.530596,590.67,535,2.1292,2.1496,2.1386,23529
2025-07-01T16:58:11.013782,591.16,536,2.1292,2.1496,2.1387,23529
2025-07-01T16:58:11.495505,591.64,537,2.1293,2.1496,2.1387,23529
2025-07-01T16:58:11.975119,592.12,538,2.1293,2.1475,2.1387,23527
2025-07-01T16:58:12.454541,592.6,539,2.1293,2.1496,2.1388,23529
2025-07-01T16:58:12.932005,593.07,540,2.1293,2.1496,2.1388,23529
2025-07-01T16:58:13.412434,593.56,541,2.1293,2.1496,2.1389,23529
2025-07-01T16:58:13.895047,594.04,542,2.1293,2.1496,2.1389,23529
2025-07-01T16:58:14.376374,594.52,543,2.1294,2.1496,2.1389,23529
2025-07-01T16:58:14.858632,595.0,544,2.1294,2.1496,2.139,23529
2025-07-01T16:58:15.346017,595.49,545,2.1294,2.1496,2.139,23529
2025-07-01T16:58:15.835080,595.98,546,2.1294,2.1475,2.139,23527
2025-07-01T16:58:16.325792,596.47,547,2.1294,2.1496,2.1391,23529
2025-07-01T16:58:16.813945,596.96,548,2.1294,2.1496,2.1391,23529
2025-07-01T16:58:17.361445,597.5,549,2.1295,2.1496,2.1392,23657
2025-07-01T16:58:17.849996,597.99,550,2.1295,2.1475,2.1392,23655
2025-07-01T16:58:18.342401,598.49,551,2.1295,2.1496,2.1392,23657
2025-07-01T16:58:18.832782,598.98,552,2.1295,2.1475,2.1393,23655
2025-07-01T16:58:19.323946,599.47,553,2.1295,2.1496,2.1393,23657
2025-07-01T16:58:19.814843,599.96,554,2.1295,2.1496,2.1393,23657
2025-07-01T16:58:20.307201,600.45,555,2.1296,2.1496,2.1394,23657
2025-07-01T16:58:20.795879,600.94,556,2.1296,2.1475,2.1394,23655
2025-07-01T16:58:21.287570,601.43,557,2.1296,2.1496,2.1395,23657
2025-07-01T16:58:21.776954,601.92,558,2.1296,2.1496,2.1395,23657
2025-07-01T16:58:22.339152,602.48,559,2.1296,2.1496,2.1395,23657
2025-07-01T16:58:22.830284,602.97,560,2.1296,2.1496,2.1396,23657
2025-07-01T16:58:23.323748,603.47,561,2.1297,2.1496,2.1396,23657
2025-07-01T16:58:23.830961,603.97,562,2.1297,2.1475,2.1396,23655
2025-07-01T16:58:24.330950,604.47,563,2.1297,2.1496,2.1397,23657
2025-07-01T16:58:24.840653,604.98,564,2.1297,2.1475,2.1397,23655
2025-07-01T16:58:25.350099,605.49,565,2.1297,2.1496,2.1398,23657
2025-07-01T16:58:25.858874,606.0,566,2.1297,2.1496,2.1398,23657
2025-07-01T16:58:26.367349,606.51,567,2.1298,2.1496,2.1398,23657
2025-07-01T16:58:26.869569,607.01,568,2.1298,2.1475,2.1399,23655
2025-07-01T16:58:27.402940,607.55,569,2.1298,2.1496,2.1399,23657
2025-07-01T16:58:27.905270,608.05,570,2.1298,2.1496,2.1399,23657
2025-07-01T16:58:28.407526,608.55,571,2.1298,2.1496,2.14,23657
2025-07-01T16:58:28.959077,609.1,572,2.1298,2.1475,2.14,23655
2025-07-01T16:58:29.459481,609.6,573,2.1299,2.1496,2.1401,23657
2025-07-01T16:58:29.970070,610.11,574,2.1299,2.1475,2.1401,23655
2025-07-01T16:58:30.483384,610.63,575,2.1299,2.1475,2.1401,23655
2025-07-01T16:58:31.022571,611.17,576,2.1299,2.1475,2.1402,23655
2025-07-01T16:58:31.543168,611.69,577,2.1299,2.1496,2.1402,23905
2025-07-01T16:58:32.112256,612.26,578,2.1299,2.1496,2.1402,23905
2025-07-01T16:58:32.634716,612.78,579,2.13,2.1496,2.1403,23905
2025-07-01T16:58:33.205002,613.35,580,2.13,2.1496,2.1403,23905
2025-07-01T16:58:33.729703,613.87,581,2.13,2.1496,2.1404,23905
2025-07-01T16:58:34.292863,614.44,582,2.13,2.1475,2.1404,23903
2025-07-01T16:58:34.816368,614.96,583,2.13,2.1496,2.1404,23905
